,circuits,k1,k2,theta1,theta2,loss,Circuit,pc1,pc2,tsne1,tsne2
0,"[(0, 0, 1), (1, 0, 0)]",2.0,0.0,2.0918411387454577e-05,0.0008547542119155678,0.8999208171150622,Downstream Activation,1.534543411466827,-1.3899797461069983,1.6814288,-14.100407
1,"[(1, 0, 0), (1, 0, 0)]",0.0,0.0,0.00040822482463643726,0.0004521902680329869,0.9260060223474113,Invalid Circuit,-0.004750948897221299,-0.05545516918625567,-2.209141,-9.286996
2,"[(0, 1, 0), (0, 1, 0)]",1.0,1.0,5.315691506106328e-05,0.00014564220240559386,0.21222025940171826,Invalid Circuit,-0.8517782704673119,-1.2201028964009548,-3.1348846,-2.317232
3,"[(0, 0, 1), (0, 1, 0)]",2.0,1.0,0.0007146633460282851,0.0005203393456714347,1.3149375986323584,Invalid Circuit,1.3938882575384919,0.028634301478995004,10.410381,-1.4001219
4,"[(0, 1, 0), (1, 0, 0)]",1.0,0.0,0.000964276029761847,0.00034779360795019956,1.3763187195461746,Dual Control,1.3610398541256916,0.28045222810744524,5.4810853,-6.6857014
5,"[(0, 0, 1), (0, 0, 1)]",2.0,2.0,1e-07,3.6705026828642993e-06,0.49279616313415514,No Control,-1.019981034412815,-1.5553505350961674,-6.0575466,0.69511575
6,"[(0, 1, 0), (1, 0, 0)]",1.0,0.0,1e-07,0.00016755777990516287,0.656626697738068,Dual Control,-0.27983666082969927,-1.857204885454039,-2.1631503,-5.887508
7,"[(0, 1, 0), (0, 0, 1)]",1.0,2.0,1e-07,1e-07,0.4930048353394057,Upstream Repression,-1.7625560100830329,-0.971680345778402,-6.0210767,2.610141
8,"[(1, 0, 0), (0, 0, 1)]",0.0,2.0,1e-07,1e-07,0.49300483533940453,Invalid Circuit,-2.4996871214788148,-0.3827324706341276,-13.034244,12.538045
9,"[(0, 1, 0), (0, 0, 1)]",1.0,2.0,1e-07,0.001,1.4890678769590018,Upstream Repression,-0.2380312102188134,0.5063070769037131,-9.198056,-2.402964
10,"[(0, 1, 0), (0, 1, 0)]",1.0,1.0,1.0389383178639775e-07,9.772339009132746e-05,0.5863702630403547,Invalid Circuit,-1.0000061900464485,-1.39389710833866,-3.4705582,-1.6514106
11,"[(1, 0, 0), (0, 0, 1)]",0.0,2.0,9.285622241137993e-05,5.6196086430522145e-05,0.16368592368376664,Invalid Circuit,-2.2827387487854702,-0.11979634872952284,-10.646062,12.461161
12,"[(1, 0, 0), (0, 0, 1)]",0.0,2.0,0.00016651674481421043,0.00010089581231870877,0.2904088162668,Invalid Circuit,-2.110221538708786,0.08923404399993823,-9.640348,12.522078
13,"[(0, 1, 0), (0, 1, 0)]",1.0,1.0,0.00011342056227651377,0.00020003290072739485,0.3355810364837392,Invalid Circuit,-0.683466570824088,-1.0227481930813103,-3.29378,-2.7584498
14,"[(1, 0, 0), (0, 0, 1)]",0.0,2.0,0.000322123609663938,0.0001932512135179359,0.5547123945567906,Invalid Circuit,-1.7489406381832338,0.5277449957618028,-7.5848613,11.66337
15,"[(0, 1, 0), (0, 1, 0)]",1.0,1.0,1e-07,1.604324855716118e-07,0.4913031429825538,Invalid Circuit,-1.1487637305707186,-1.5381159107571885,-2.9749625,-1.281971
16,"[(0, 1, 0), (0, 1, 0)]",1.0,1.0,0.0006941759011739502,0.0009717350919770333,1.7594473056793256,Invalid Circuit,1.3159627204124509,1.2450447105809423,3.998253,3.2964172
17,"[(1, 0, 0), (0, 0, 1)]",0.0,2.0,3.798105000978045e-05,1.1910917236688117e-05,0.0700790483003963,Invalid Circuit,-2.4280082166200687,-0.29175592157990454,-11.211556,12.789864
18,"[(0, 1, 0), (0, 1, 0)]",1.0,1.0,0.001,0.001,2.1188220617841944,Invalid Circuit,1.79235882348939,1.880358389637801,4.059761,4.7090015
19,"[(0, 0, 1), (0, 0, 1)]",2.0,2.0,0.00012284955161571116,0.000256014771100141,0.4024435114708024,No Control,-0.4613220239104397,-0.9441228983737942,-5.1393037,0.52764505
20,"[(1, 0, 0), (0, 0, 1)]",0.0,2.0,0.001,0.001,2.1188220618216205,Invalid Circuit,0.4415275726182688,3.0358311571471974,2.2515566,8.539845
21,"[(0, 0, 1), (0, 0, 1)]",2.0,2.0,6.104893255450436e-05,0.00013789183684460678,0.2130377556444457,No Control,-0.728982445139202,-1.2386653745919807,-5.532104,0.58863395
22,"[(0, 0, 1), (0, 0, 1)]",2.0,2.0,0.0005542899589767888,0.0005861608648493771,1.2217618119952793,No Control,0.6533226131244207,0.38120439700796266,8.440899,2.801096
23,"[(0, 1, 0), (0, 0, 1)]",1.0,2.0,0.0009274452596080735,5.134089220057748e-05,0.9984469368514636,Upstream Repression,-0.37053813961752696,0.9038247436369801,-1.841817,5.3217864
24,"[(0, 1, 0), (0, 1, 0)]",1.0,1.0,1.6544592714905215e-05,0.0006186418837697555,0.668020174128991,Invalid Circuit,-0.1824799031352412,-0.5920015078315982,-6.4468503,-3.4300292
25,"[(0, 1, 0), (0, 1, 0)]",1.0,1.0,1e-07,1e-07,0.4930048353394059,Invalid Circuit,-1.1488558706076937,-1.5382052381435232,-3.0087059,-1.2613785
26,"[(0, 1, 0), (0, 1, 0)]",1.0,1.0,0.001,0.001,2.1188220617857714,Invalid Circuit,1.79235882348939,1.880358389637801,4.059761,4.7090015
27,"[(1, 0, 0), (0, 0, 1)]",0.0,2.0,0.00018638968552432862,0.0007956556399105574,1.0156302881066228,Invalid Circuit,-1.0227804132103606,1.154751838612349,-8.439719,6.043212
28,"[(0, 1, 0), (0, 1, 0)]",1.0,1.0,0.001,0.001,2.1188220618643436,Invalid Circuit,1.79235882348939,1.880358389637801,4.0042996,4.7114882
29,"[(1, 0, 0), (0, 0, 1)]",0.0,2.0,0.0006684924930744599,0.0003975238368659429,1.1334869909244916,Invalid Circuit,-0.9467444415318016,1.5019099937014728,-2.629382,11.601808
30,"[(0, 1, 0), (0, 0, 1)]",1.0,2.0,0.0009333178233499329,0.0003577186056775046,1.3562085938577653,Upstream Repression,0.10490942916695137,1.3680897347054706,-0.4914717,5.541828
31,"[(1, 0, 0), (0, 1, 0)]",0.0,1.0,0.0002875892555286865,0.0006620057112459392,0.9978594151148502,Invalid Circuit,-0.4694705353845952,0.5870793954002038,-5.256505,7.1464076
32,"[(0, 1, 0), (0, 0, 1)]",1.0,2.0,0.0006995462194112058,0.0005371493276470709,1.3180157916719089,Upstream Repression,0.04726838170374806,1.1796156255769774,0.34772226,4.771015
33,"[(0, 1, 0), (1, 0, 0)]",1.0,0.0,0.0007463643475724894,9.462414109510288e-05,0.8689253274537421,Dual Control,0.6662939707554104,-0.5166829985039941,3.8121119,-5.4106746
34,"[(0, 0, 1), (1, 0, 0)]",2.0,0.0,0.0009081178610722049,0.00026700694059041347,1.2295407491654642,Downstream Activation,1.8954307035456606,-0.5368993715685164,8.636218,-5.175305
35,"[(1, 0, 0), (1, 0, 0)]",0.0,0.0,0.0008762793694336524,0.0006774226369287149,1.648790887482104,Invalid Circuit,1.0018101828936385,1.1858550825697232,7.483528,-11.013162
36,"[(0, 1, 0), (1, 0, 0)]",1.0,0.0,0.00022476787775197734,0.0005619839291216223,0.8262338785410248,Dual Control,0.6398524662484167,-0.8381609557265751,0.59028184,-9.967485
37,"[(0, 0, 1), (0, 1, 0)]",2.0,1.0,0.00023949087059853236,0.0005532744536412243,0.8344109543037873,Invalid Circuit,0.7708643000699507,-0.8448837741216051,7.751217,-0.2938322
38,"[(0, 1, 0), (0, 0, 1)]",1.0,2.0,0.0004996813168604446,0.0009304100967834977,1.503594593119977,Upstream Repression,0.36368923149538757,1.373016362144088,1.7538812,4.435914
39,"[(0, 0, 1), (0, 1, 0)]",2.0,1.0,0.00039887006597539594,0.0006048863136908879,1.066530134038084,Invalid Circuit,1.0753692066148066,-0.45927605919928105,8.570372,-0.60374355
40,"[(0, 0, 1), (1, 0, 0)]",2.0,0.0,0.0001228571787118161,0.00045311437389545275,0.5993660424777798,Downstream Activation,1.0666023451840667,-1.7858180127286734,0.7356138,-15.18829
41,"[(1, 0, 0), (1, 0, 0)]",0.0,0.0,2.6292108179009484e-05,0.0009820915108933901,1.0269414886325348,Invalid Circuit,0.2620430970447851,-0.013433136277854741,-4.3162565,-10.558891
42,"[(0, 1, 0), (1, 0, 0)]",1.0,0.0,0.000392572944804696,0.00027132338141473976,0.7141148766366365,Dual Control,0.43444045442062934,-0.9421254657406606,1.0663594,-7.1789036
43,"[(0, 1, 0), (1, 0, 0)]",1.0,0.0,0.0004949019283994107,0.0005500846228238752,1.120384042938831,Dual Control,1.0044443175218556,-0.33148160196443727,2.6970894,-9.307637
44,"[(0, 0, 1), (0, 1, 0)]",2.0,1.0,0.0006439680061336862,0.0001989867832121721,0.8867667018491157,Invalid Circuit,0.8037659207377151,-0.5835716590893797,11.367128,0.21097036
45,"[(0, 0, 1), (1, 0, 0)]",2.0,0.0,0.0005310602646102882,0.0003880290816370103,0.9840960136187976,Downstream Activation,1.5457233017123488,-1.089794458390163,9.920736,-6.420257
46,"[(1, 0, 0), (1, 0, 0)]",0.0,0.0,0.0004487697038066236,0.0009782224743327132,1.4947827858610494,Invalid Circuit,0.8547236631785048,0.8007798669103602,6.628087,-12.152323
47,"[(0, 0, 1), (1, 0, 0)]",2.0,0.0,0.0007580848077643608,0.0005626475366067617,1.4049239515222371,Downstream Activation,2.1336156320899535,-0.39108228054059035,8.647491,-6.510221
48,"[(0, 1, 0), (1, 0, 0)]",1.0,0.0,7.245250300143779e-05,0.00016512536897672855,0.25304736169876546,Dual Control,-0.18103399152203767,-1.7203807300935645,-1.6779811,-6.2179465
49,"[(1, 0, 0), (0, 0, 1)]",0.0,2.0,0.0005511610455223812,5.8771655160008544e-05,0.6300753794609556,Invalid Circuit,-1.6294710922384223,0.7734750710122972,-5.306486,12.375724
50,"[(1, 0, 0), (0, 0, 1)]",0.0,2.0,0.00013478106123053545,9.117411451967105e-05,0.24666539110116098,Invalid Circuit,-2.1700081089767953,0.013272388345241314,-10.339625,11.807122
51,"[(1, 0, 0), (0, 0, 1)]",0.0,2.0,1e-07,1e-07,0.4930048353394046,Invalid Circuit,-2.4996871214788148,-0.3827324706341276,-11.544518,13.396248
52,"[(1, 0, 0), (0, 0, 1)]",0.0,2.0,1e-07,1e-07,0.4930048353394055,Invalid Circuit,-2.4996871214788148,-0.3827324706341276,-12.179949,12.4777775
53,"[(1, 0, 0), (0, 0, 1)]",0.0,2.0,1e-07,1e-07,0.49300483533940503,Invalid Circuit,-2.4996871214788148,-0.3827324706341276,-12.301235,11.101565
54,"[(1, 0, 0), (0, 0, 1)]",0.0,2.0,1e-07,1e-07,0.49300483533940564,Invalid Circuit,-2.4996871214788148,-0.3827324706341276,-11.728115,11.007799
55,"[(1, 0, 0), (0, 0, 1)]",0.0,2.0,1e-07,1e-07,0.4930048353394046,Invalid Circuit,-2.4996871214788148,-0.3827324706341276,-12.157034,11.7072115
56,"[(1, 0, 0), (0, 0, 1)]",0.0,2.0,1e-07,1e-07,0.4930048353394046,Invalid Circuit,-2.4996871214788148,-0.3827324706341276,-12.445161,13.345565
57,"[(0, 0, 1), (0, 0, 1)]",2.0,2.0,1e-07,1e-07,0.4930048353394046,No Control,-1.0254248986872507,-1.560628220922676,-6.035885,0.7247894
58,"[(1, 0, 0), (0, 0, 1)]",0.0,2.0,1e-07,1e-07,0.4930048353394046,Invalid Circuit,-2.4996871214788148,-0.3827324706341276,-12.157034,11.7072115
59,"[(0, 0, 1), (0, 0, 1)]",2.0,2.0,1e-07,1e-07,0.4930048353394046,No Control,-1.0254248986872507,-1.560628220922676,-6.0474052,0.6668752
60,"[(1, 0, 0), (0, 0, 1)]",0.0,2.0,1e-07,1e-07,0.4930048353394046,Invalid Circuit,-2.4996871214788148,-0.3827324706341276,-12.944117,11.461387
61,"[(1, 0, 0), (0, 0, 1)]",0.0,2.0,1e-07,1e-07,0.4930048353394046,Invalid Circuit,-2.4996871214788148,-0.3827324706341276,-11.717891,12.810675
62,"[(0, 1, 0), (0, 1, 0)]",1.0,1.0,1e-07,1e-07,0.49300483533942274,Invalid Circuit,-1.1488558706076937,-1.5382052381435232,-4.2430134,6.606391
63,"[(0, 0, 1), (1, 0, 0)]",2.0,0.0,0.0008364105761504309,0.0003128101167796274,1.2087142276451996,Downstream Activation,1.8636686194587049,-0.6083634505013227,8.815431,-5.3365607
64,"[(0, 0, 1), (0, 0, 1)]",2.0,2.0,0.0002689915304429821,0.0006159441901918374,0.9306984519031064,No Control,0.29451274970072255,-0.12847053198803393,7.4362597,1.903801
65,"[(1, 0, 0), (0, 0, 1)]",0.0,2.0,0.0002838697015955373,0.00015950660519125476,0.4774478170102341,Invalid Circuit,-1.8545896203125927,0.40362385320778754,-8.214567,11.712604
66,"[(0, 0, 1), (0, 1, 0)]",2.0,1.0,0.0006512364308435346,0.0001322024816819115,0.8173802950932554,Invalid Circuit,0.7122395480093848,-0.6681815457318923,11.613476,0.5100448
67,"[(0, 0, 1), (1, 0, 0)]",2.0,0.0,0.0006348505537531164,0.0008455976846491044,1.5687423551052522,Downstream Activation,2.3904211081723092,-0.2120130745547398,4.4334183,-13.6107025
68,"[(0, 1, 0), (1, 0, 0)]",1.0,0.0,0.0004614835760504124,0.0007886616834669713,1.3197016505722585,Dual Control,1.3208491615806324,-0.043689787194083306,3.2733953,-10.905786
69,"[(0, 1, 0), (0, 1, 0)]",1.0,1.0,0.0009419063257550637,0.0008019407291168192,1.8492902238128248,Invalid Circuit,1.4080734034212916,1.4748535259339914,3.3336515,3.9036186
70,"[(0, 1, 0), (0, 1, 0)]",1.0,1.0,0.00030611518074599053,0.0006617970157367885,1.0186601979312184,Invalid Circuit,0.29359049856079,0.03377760518087463,-6.531064,-4.263212
71,"[(1, 0, 0), (0, 0, 1)]",0.0,2.0,0.00031610521109216427,0.00015827130453031126,0.508846053093931,Invalid Circuit,-1.810800767380878,0.4643596306338284,-7.7114053,12.1369505
72,"[(0, 0, 1), (1, 0, 0)]",2.0,0.0,0.00010895288019804906,0.0007601216506183702,0.8900917425416356,Downstream Activation,1.5149893117927413,-1.3590047885823118,1.9661756,-14.658952
73,"[(0, 1, 0), (1, 0, 0)]",1.0,0.0,0.0005047302151675748,0.0007769558949503086,1.3561819975820237,Dual Control,1.3642748158472608,0.022939266332343285,3.5947254,-10.663262
74,"[(0, 1, 0), (1, 0, 0)]",1.0,0.0,0.00023234095764013097,0.00031972252714670653,0.5934946783994496,Dual Control,0.2812117925661804,-1.1815584619671944,-0.13168195,-7.5804057
75,"[(0, 1, 0), (1, 0, 0)]",1.0,0.0,0.0003714558206770912,8.819987894994816e-05,0.4840218403041264,Dual Control,0.12531680476325366,-1.253790254262128,0.64798146,-5.8535595
76,"[(0, 1, 0), (0, 1, 0)]",1.0,1.0,0.00018465413067474535,0.00037892804954831754,0.5971650860565831,Invalid Circuit,-0.3097832350576942,-0.6200689773856566,-4.548962,-3.4008274
77,"[(1, 0, 0), (0, 0, 1)]",0.0,2.0,0.0005753228630385058,7.293042530002716e-05,0.6713047895993801,Invalid Circuit,-1.5736503112448956,0.8412961854550766,-5.004975,11.936032
78,"[(0, 1, 0), (1, 0, 0)]",1.0,0.0,0.00016892906918831034,0.0009120314189575689,1.1117934419506683,Dual Control,1.0944477293616963,-0.4291137269044605,0.95594084,-11.947868
79,"[(0, 0, 1), (0, 1, 0)]",2.0,1.0,0.00046725926346393614,0.0005659859889734371,1.1050485001790147,Invalid Circuit,1.1129547403703677,-0.3840482777596879,9.046151,-0.7283658
80,"[(1, 0, 0), (0, 0, 1)]",0.0,2.0,4.579458579742896e-05,1.7588596086833615e-05,0.07803670221747437,Invalid Circuit,-2.408281124509558,-0.2681992663566373,-11.210826,11.519404
81,"[(0, 1, 0), (0, 1, 0)]",1.0,1.0,0.0003280604663813149,0.00018159936140293694,0.5475455850260326,Invalid Circuit,-0.40746317528955994,-0.6334287098394977,-0.70617807,-2.0821521
82,"[(0, 1, 0), (0, 0, 1)]",1.0,2.0,0.00014011056243426733,0.00010709633814165578,0.2703901130669702,Upstream Repression,-1.4010497395778845,-0.5417969494698648,-5.178475,2.6627169
83,"[(1, 0, 0), (0, 0, 1)]",0.0,2.0,1e-07,1e-07,0.4930048353394055,Invalid Circuit,-2.4996871214788148,-0.3827324706341276,-12.179949,12.4777775
84,"[(1, 0, 0), (0, 0, 1)]",0.0,2.0,0.0008719237231490848,0.000387462334873143,1.327391439462085,Invalid Circuit,-0.6738571943009033,1.8818510188622202,-2.1148384,10.888837
85,"[(0, 0, 1), (0, 0, 1)]",2.0,2.0,0.0002918089321789219,0.0006631190948894921,1.0037615306551688,No Control,0.3987676697874941,-0.01445630788530841,7.486031,2.030879
86,"[(0, 1, 0), (0, 1, 0)]",1.0,1.0,5.525932997245858e-05,0.0005383958232924905,0.6070865138896517,Invalid Circuit,-0.24997698510177582,-0.6354796258399092,-5.8939424,-3.3913832
87,"[(0, 1, 0), (1, 0, 0)]",1.0,0.0,7.595397297345671e-05,0.0008684330524331063,0.960157297548811,Dual Control,0.8962442387896146,-0.674001312417007,0.5441923,-11.938827
88,"[(1, 0, 0), (0, 0, 1)]",0.0,2.0,0.001,0.001,2.1188220618216205,Invalid Circuit,0.4415275726182688,3.0358311571471974,2.2022722,8.317617
89,"[(0, 1, 0), (1, 0, 0)]",1.0,0.0,0.00039807156229144225,0.0001456001361556845,0.5774886386183443,Dual Control,0.25054369525359677,-1.1172898711571426,0.9271224,-6.353891
90,"[(0, 1, 0), (1, 0, 0)]",1.0,0.0,0.0004370428374409508,4.343665931985758e-05,0.49703609172097146,Dual Control,0.14999309778695538,-1.1926670134546893,1.4229618,-5.187492
91,"[(0, 1, 0), (0, 0, 1)]",1.0,2.0,3.434375802376677e-05,0.0009584300178440904,1.007436941337237,Upstream Repression,-0.25289437932949593,0.5113202894315083,-9.8137665,-2.169204
92,"[(0, 1, 0), (1, 0, 0)]",1.0,0.0,0.00045644784927073275,0.0003441669623872681,0.8599837752331692,Dual Control,0.636003388069655,-0.7104862856123485,1.9422451,-7.6807795
93,"[(1, 0, 0), (0, 0, 1)]",0.0,2.0,0.00032505316569951873,0.0007297495747832789,1.1079490657141435,Invalid Circuit,-0.9268030951632069,1.3264477230084226,-7.911978,6.740131
94,"[(1, 0, 0), (0, 0, 1)]",0.0,2.0,0.00019380164713941363,7.160262003354607e-07,0.6182210675633635,Invalid Circuit,-2.2243052700752295,-0.005891500233679758,-9.837669,13.260036
95,"[(1, 0, 0), (0, 0, 1)]",0.0,2.0,0.0002866686655994528,9.563947338665706e-05,0.4068622140488706,Invalid Circuit,-1.9480007237365726,0.3146517414115592,-8.278196,12.719215
96,"[(1, 0, 0), (0, 0, 1)]",0.0,2.0,0.0003653106202314068,0.0002724608627951857,0.6876666909656625,Invalid Circuit,-1.5669827662512654,0.7286436360892703,-6.994287,11.259301
97,"[(0, 1, 0), (1, 0, 0)]",1.0,0.0,0.0009740137772254356,0.00010941475029114418,1.1148799315139815,Dual Control,1.011385776877692,-0.05300523007268167,5.0099964,-5.6520457
98,"[(0, 1, 0), (1, 0, 0)]",1.0,0.0,0.0008411420218322139,0.0004914050011693581,1.4108119219822641,Dual Control,1.4055407300486429,0.25375446543620667,5.322858,-7.692124
99,"[(1, 0, 0), (0, 0, 1)]",0.0,2.0,0.0007749880853372462,0.0005032903819208413,1.3571575185461422,Invalid Circuit,-0.6345982766441309,1.8649307314000345,-1.6507739,10.526959
100,"[(0, 1, 0), (0, 0, 1)]",1.0,2.0,0.0004280063340177973,0.0004361599386862832,0.9310877014225747,Upstream Repression,-0.49143412805907494,0.5033431112873372,-2.0426028,3.119666
101,"[(0, 1, 0), (0, 1, 0)]",1.0,1.0,0.0004471430192587449,0.0002065725896817273,0.6966420246687796,Invalid Circuit,-0.20066714060149904,-0.36540302141442466,0.266004,-1.9327276
102,"[(0, 1, 0), (1, 0, 0)]",1.0,0.0,0.0004729074615577025,0.00044816588435801004,0.9907466596155987,Dual Control,0.8178886786921982,-0.5248174881380938,2.205346,-8.594066
103,"[(0, 1, 0), (0, 1, 0)]",1.0,1.0,0.0008043310876576208,0.0005792386732732062,1.469651873383563,Invalid Circuit,0.8736036998272703,0.8786678363599678,2.7615998,1.757908
104,"[(1, 0, 0), (0, 0, 1)]",0.0,2.0,0.0004039295208817668,0.0005835357737832169,1.0510015640631107,Invalid Circuit,-1.0379774430243864,1.2634048378308922,-7.384857,8.097753
105,"[(0, 1, 0), (0, 1, 0)]",1.0,1.0,0.0007242567247630339,0.0009758223098161558,1.796601236635255,Invalid Circuit,1.3648138692743832,1.3094661397706095,3.8928137,3.4397302
106,"[(1, 0, 0), (1, 0, 0)]",0.0,0.0,0.0006743229612851954,0.0009303417348453634,1.6964543522175788,Invalid Circuit,1.1012919657056506,1.1677527178899683,6.9064293,-11.695772
107,"[(0, 0, 1), (0, 1, 0)]",2.0,1.0,0.0009162574105196021,0.00012540848650908058,1.075731542912278,Invalid Circuit,1.0773709906892925,-0.16387914789585772,12.421122,-0.2630386
108,"[(0, 1, 0), (0, 1, 0)]",1.0,1.0,1.755184244129965e-05,0.00025278255414479066,0.30073223904445023,Invalid Circuit,-0.738870202931826,-1.1308362341092006,-3.8676064,-2.4846494
109,"[(1, 0, 0), (0, 1, 0)]",0.0,1.0,0.0005566465783529741,1.921131029243093e-05,0.5892000261749184,Invalid Circuit,-1.0683156351475416,0.15912079804120732,-4.545595,-6.4105663
110,"[(0, 1, 0), (1, 0, 0)]",1.0,0.0,5.293841016695372e-05,7.497183332712386e-05,0.1417279314181243,Dual Control,-0.34613722085197124,-1.8915122192616172,-1.6503628,-5.457334
111,"[(0, 1, 0), (1, 0, 0)]",1.0,0.0,0.0004918904169526153,7.531196730704562e-05,0.5902357874744133,Dual Control,0.27630243786805025,-1.0391044451910574,1.9235554,-5.6976833
112,"[(1, 0, 0), (0, 0, 1)]",0.0,2.0,0.00013476475145178854,0.00022325521691128185,0.38378709443538045,Invalid Circuit,-1.9686501628914987,0.20847446629327882,-9.430126,11.135852
113,"[(0, 0, 1), (1, 0, 0)]",2.0,0.0,0.0008013379903026643,0.0007765036431621585,1.6792542118651048,Downstream Activation,2.5209596511333894,0.008970457314482013,8.119734,-7.6356144
114,"[(0, 1, 0), (0, 1, 0)]",1.0,1.0,0.00013748002458466662,0.000902457503425714,1.0656833856556138,Invalid Circuit,0.4215924590398939,0.0622242523965175,-7.972115,-3.7428439
115,"[(1, 0, 0), (1, 0, 0)]",0.0,0.0,0.0007851770003905437,0.00011644700958302626,0.933626761988302,Invalid Circuit,0.01742668297171058,0.17984847066717247,3.7077522,-4.026863
116,"[(0, 1, 0), (1, 0, 0)]",1.0,0.0,0.0006113167412548796,0.00018402336327967152,0.8368126166360135,Dual Control,0.6112592194787334,-0.6466352391172583,2.8832402,-6.2205462
117,"[(0, 0, 1), (0, 1, 0)]",2.0,1.0,0.0007483232447236056,0.000520160462268268,1.3487139770000394,Invalid Circuit,1.4413059254434337,0.0936960187049001,10.504632,-1.7809395
118,"[(0, 1, 0), (0, 0, 1)]",1.0,2.0,0.0003775284622567697,0.00045097350509872263,0.8900008925281707,Upstream Repression,-0.5403668627685766,0.42727361235659644,-2.0140474,2.9894485
119,"[(0, 0, 1), (0, 1, 0)]",2.0,1.0,0.0006709310941662635,0.0005278090132175071,1.27890357687784,Invalid Circuit,1.3433158544539399,-0.045198774502735656,10.121177,-1.470356
120,"[(0, 1, 0), (1, 0, 0)]",1.0,0.0,1.1957501498662552e-07,3.4247276159160494e-05,0.521197682459074,Dual Control,-0.48306442092297025,-2.0542178477899835,-1.985156,-5.1359754
121,"[(1, 0, 0), (0, 0, 1)]",0.0,2.0,7.025077641723259e-05,0.0003079230159640181,0.39321701621837124,Invalid Circuit,-1.9309645313907784,0.20841811791613846,-9.471053,10.480472
122,"[(0, 0, 1), (1, 0, 0)]",2.0,0.0,0.0006996264372714314,0.000596010644067535,1.3820855039742375,Downstream Activation,2.101657938334408,-0.4552213640077749,8.578809,-6.675901
123,"[(1, 0, 0), (0, 1, 0)]",0.0,1.0,0.0007615806550030419,0.000836163124879743,1.6992278135817385,Invalid Circuit,0.46762929635213524,1.7644160272226028,1.1848878,10.299544
124,"[(0, 1, 0), (1, 0, 0)]",1.0,0.0,0.0007381060769844146,0.0009179172977871302,1.754479501856263,Dual Control,1.9098497527831415,0.6842282199904386,5.2773657,-10.572338
125,"[(0, 1, 0), (1, 0, 0)]",1.0,0.0,0.0006680194333889187,0.00015923947730148277,0.8655247778087206,Dual Control,0.6538099566637866,-0.5732222744613608,3.3579273,-5.784916
126,"[(1, 0, 0), (0, 0, 1)]",0.0,2.0,9.424199249120643e-07,7.802627206108703e-06,0.4102819025339103,Invalid Circuit,-2.4867495337258947,-0.36971200239408,-12.891178,12.003555
127,"[(1, 0, 0), (0, 0, 1)]",0.0,2.0,0.0009069156490369967,0.00035419546347172575,1.3257353750759215,Invalid Circuit,-0.6750007713388112,1.9005893739231248,-2.3541272,10.564884
128,"[(0, 1, 0), (1, 0, 0)]",1.0,0.0,0.00041209164633741535,0.0004164820220319708,0.8934724051173183,Dual Control,0.6834152466453489,-0.6896800483241896,1.5471452,-8.451179
129,"[(0, 0, 1), (0, 1, 0)]",2.0,1.0,0.00045740015449988837,0.0003653606415321682,0.8843755295473894,Invalid Circuit,0.7930971369189257,-0.6997339387743255,9.82353,0.14708143
130,"[(1, 0, 0), (0, 0, 1)]",0.0,2.0,0.0008545232898571697,0.0007799262243940554,1.7371801982135717,Invalid Circuit,-0.10012990694629505,2.428195479072346,1.0546315,8.919686
131,"[(0, 0, 1), (0, 1, 0)]",2.0,1.0,0.0007040475429285783,0.0004105885600941237,1.1837779802430943,Invalid Circuit,1.2115129246174887,-0.15419503706091547,10.941358,-0.8513572
132,"[(0, 1, 0), (1, 0, 0)]",1.0,0.0,0.000284789329776088,0.0006047848958387388,0.9375283938115798,Dual Control,0.7901504157815177,-0.6584074882998053,1.1332958,-10.160184
133,"[(0, 0, 1), (1, 0, 0)]",2.0,0.0,0.00030938129043113716,0.0007106537585305301,1.0711581365189242,Downstream Activation,1.7235400418752054,-1.0431395206637497,2.7981844,-15.094112
134,"[(1, 0, 0), (1, 0, 0)]",0.0,0.0,0.0001625852393805118,0.0003970061433016215,0.5895981551389314,Invalid Circuit,-0.4369188504547668,-0.6137547756096638,-2.9046347,-9.210061
135,"[(0, 1, 0), (0, 0, 1)]",1.0,2.0,0.0003295591381392443,0.00045570729435614213,0.839910492836822,Upstream Repression,-0.6011138150540173,0.3411733543577288,-2.0608542,2.7863593
136,"[(0, 1, 0), (1, 0, 0)]",1.0,0.0,0.0005956309411907829,0.0009317135782303524,1.6110336022098704,Dual Control,1.7290213565668011,0.4281094787517922,4.736836,-11.123684
137,"[(0, 0, 1), (1, 0, 0)]",2.0,0.0,0.00010496230947242573,0.000575238202422667,0.7005750022576581,Downstream Activation,1.2274477545590448,-1.6400323090246158,1.449589,-15.352096
138,"[(0, 0, 1), (0, 1, 0)]",2.0,1.0,5.5913811765676236e-05,0.0005181482863786706,0.5875407154449626,Invalid Circuit,0.45721045750825356,-1.2530858999284067,7.158495,-0.20304655
139,"[(0, 1, 0), (1, 0, 0)]",1.0,0.0,0.0005620812671158476,2.4774275179524563e-05,0.6005322151349448,Dual Control,0.29869738047986716,-0.9775816726072035,2.325728,-5.064952
140,"[(0, 1, 0), (1, 0, 0)]",1.0,0.0,0.0004237353050784604,3.0582292571109564e-05,0.4684858526101337,Dual Control,0.111539804947538,-1.2374943692226958,1.1006442,-5.247305
141,"[(0, 1, 0), (0, 1, 0)]",1.0,1.0,0.00017409903231791263,0.0003662603385978443,0.5722759572105194,Invalid Circuit,-0.3440522026307184,-0.6592785885194933,-4.350118,-3.374506
142,"[(0, 1, 0), (1, 0, 0)]",1.0,0.0,0.0002803478517718767,0.0006245935269750874,0.952261532690065,Dual Control,0.8140593590905507,-0.6377475411554625,1.1746469,-10.39279
143,"[(0, 0, 1), (1, 0, 0)]",2.0,0.0,0.0007764179256971461,0.00010419805883067488,0.9104228404147945,Downstream Activation,1.4606030753849946,-1.0331522371988557,8.861156,-4.932565
144,"[(1, 0, 0), (0, 1, 0)]",0.0,1.0,0.0009190571131371821,0.0005124304554085104,1.5123023800866977,Invalid Circuit,0.19715907301288227,1.591520991447652,-0.15075752,10.70271
145,"[(1, 0, 0), (0, 0, 1)]",0.0,2.0,0.0002934553461196688,0.000731008375250039,1.073454455506052,Invalid Circuit,-0.9696526192645275,1.2669842911130962,-7.4932513,7.6006126
146,"[(0, 1, 0), (0, 0, 1)]",1.0,2.0,0.00010521280670411197,0.00015875712789857404,0.2849164998697558,Upstream Repression,-1.3717279501082622,-0.5331638430339751,-5.3027596,2.4875586
147,"[(0, 1, 0), (1, 0, 0)]",1.0,0.0,0.00023495486067391422,0.000831933043827533,1.1077134715539183,Dual Control,1.0658709839289673,-0.41936906357778997,1.2535752,-11.549769
148,"[(1, 0, 0), (0, 0, 1)]",0.0,2.0,0.0009501621257055006,0.0008371605949280411,1.8954066655157198,Invalid Circuit,0.1226381593865437,2.698408629312389,1.5587767,8.654016
149,"[(0, 1, 0), (1, 0, 0)]",1.0,0.0,0.0005367655557978519,6.34810151138755e-05,0.6212587188612603,Dual Control,0.321844567760887,-0.9694998566284707,2.2441707,-5.392084
150,"[(0, 1, 0), (0, 0, 1)]",1.0,2.0,0.000597062421430978,7.686192491802953e-05,0.6978409560211384,Upstream Repression,-0.799723638945021,0.30035108730198495,-3.163158,4.2830257
151,"[(0, 1, 0), (0, 1, 0)]",1.0,1.0,0.0006776460507310552,0.00010891033232362614,0.8167403053452683,Invalid Circuit,-0.022986590622786345,-0.06240761184108524,1.8303448,-1.7340735
152,"[(0, 0, 1), (0, 0, 1)]",2.0,2.0,0.0009416997271991416,0.0005693869175787347,1.5973161074096311,No Control,1.1766421500401065,1.1082835996687836,8.870285,4.342373
153,"[(0, 0, 1), (0, 1, 0)]",2.0,1.0,0.0004153412915854361,0.000654928564242435,1.1348414455961426,Invalid Circuit,1.1750044410124723,-0.35333998018582136,8.3580065,-0.85264516
154,"[(0, 1, 0), (1, 0, 0)]",1.0,0.0,0.000424233983182917,0.00011806537181861053,0.5721717364126898,Dual Control,0.24562981006041038,-1.1072147275697086,1.4078903,-6.204029
155,"[(1, 0, 0), (0, 0, 1)]",0.0,2.0,0.00034659147305749686,0.00033246901907735255,0.734794867082245,Invalid Circuit,-1.5020115733156165,0.7810142418077877,-6.977191,10.60326
156,"[(0, 0, 1), (0, 0, 1)]",2.0,2.0,0.0006066885634599471,6.20106230040549e-05,0.6897335957337223,No Control,-0.07159734797651617,-0.2918668901235038,11.5098095,2.304361
157,"[(1, 0, 0), (0, 0, 1)]",0.0,2.0,4.665870378446242e-05,1.640609012517586e-05,0.07809240454883357,Invalid Circuit,-2.4088597548174677,-0.2682701155761004,-11.219739,12.310128
158,"[(0, 0, 1), (0, 1, 0)]",2.0,1.0,0.00042236021241664746,0.00020023964945258254,0.6643750407549323,Invalid Circuit,0.49169521747963796,-1.0118095736870292,10.3042,0.8130706
159,"[(1, 0, 0), (0, 0, 1)]",0.0,2.0,0.0004611774637845114,0.000319621355141024,0.8375551038204073,Invalid Circuit,-1.359251064472364,0.9844087425916889,-5.993207,10.824441
160,"[(1, 0, 0), (0, 0, 1)]",0.0,2.0,0.0001681192598185247,0.0001334654910290687,0.3293146952556893,Invalid Circuit,-2.0582927961050035,0.14048654723065754,-9.474509,11.796058
161,"[(0, 1, 0), (0, 1, 0)]",1.0,1.0,0.0008658517928230402,0.0006656820536918589,1.6255619348805808,Invalid Circuit,1.0925664346270128,1.1258403992140844,2.772955,2.472275
162,"[(1, 0, 0), (0, 0, 1)]",0.0,2.0,0.001,0.001,2.1188220618216205,Invalid Circuit,0.4415275726182688,3.0358311571471974,1.9213426,8.163531
163,"[(1, 0, 0), (0, 0, 1)]",0.0,2.0,0.00011642642800488144,1.6609113018926597e-06,0.4513674460634121,Invalid Circuit,-2.332492279017723,-0.1546623581402994,-10.646264,13.297196
164,"[(1, 0, 0), (0, 0, 1)]",0.0,2.0,0.0002220933482126373,0.0003487935898194093,0.6104587625946293,Invalid Circuit,-1.6535147460081365,0.5635219041580618,-8.105429,10.365766
165,"[(0, 0, 1), (0, 1, 0)]",2.0,1.0,0.0004522984555141654,0.0005543844171989712,1.0767186631961985,Invalid Circuit,1.074069142491003,-0.4302324612604265,9.044796,-0.55094475
166,"[(0, 1, 0), (0, 0, 1)]",1.0,2.0,0.00012855640870195102,0.0009951301201163183,1.1479505285195302,Upstream Repression,-0.06345510920624452,0.7484131164091143,-9.5544,-1.8709147
167,"[(0, 0, 1), (0, 0, 1)]",2.0,2.0,0.0008284443308236851,0.0009144632624428686,1.850249892773882,No Control,1.5423083867432004,1.3985503966174941,7.537631,4.3460617
168,"[(0, 0, 1), (0, 1, 0)]",2.0,1.0,0.00019781499056103032,0.0005504471661767313,0.7836978028585644,Invalid Circuit,0.7075058962912177,-0.9299461968040466,7.4026666,-0.27873883
169,"[(0, 1, 0), (0, 0, 1)]",1.0,2.0,0.0005251986529979518,0.0001781581508255885,0.743256018730571,Upstream Repression,-0.7470984423972032,0.3106095419741001,-3.099221,3.8555589
170,"[(1, 0, 0), (0, 0, 1)]",0.0,2.0,0.00025398605283750254,6.564596777802391e-05,0.33871441454986906,Invalid Circuit,-2.0400368977061785,0.2068878403234328,-8.868815,12.945097
171,"[(0, 1, 0), (1, 0, 0)]",1.0,0.0,0.00019081008791199086,0.00014395722147959438,0.36459000589549073,Dual Control,-0.04561582108296976,-1.521965231335504,-0.6430318,-6.2482953
172,"[(0, 1, 0), (1, 0, 0)]",1.0,0.0,0.0006680266848405834,0.00015614402030079627,0.8619677071175932,Dual Control,0.6491006578277347,-0.5777837051243421,3.2027137,-5.7188993
173,"[(1, 0, 0), (0, 0, 1)]",0.0,2.0,1.957760559285902e-05,0.000183515077690537,0.22949322671627936,Invalid Circuit,-2.1924418353346975,-0.0738186233467128,-10.616777,10.897553
174,"[(0, 1, 0), (1, 0, 0)]",1.0,0.0,0.0009051672856470965,0.00032827858410957705,1.2951487225270897,Dual Control,1.2475386057377191,0.13688988974144414,5.217559,-6.6409554
175,"[(0, 1, 0), (0, 0, 1)]",1.0,2.0,0.0009280365301022918,0.0009048669407029473,1.9449245220784708,Upstream Repression,0.9316513545377788,2.166599191151656,2.633239,6.1988044
176,"[(0, 0, 1), (1, 0, 0)]",2.0,0.0,0.0001531080483446364,0.0009841269830016726,1.1655272241045251,Downstream Activation,1.9190855864318006,-0.9421995755473385,2.3922367,-13.938585
177,"[(1, 0, 0), (0, 0, 1)]",0.0,2.0,0.0004204517705693138,0.000860049019770657,1.345183704896484,Invalid Circuit,-0.5929747375926957,1.7041947011900316,-6.785373,6.7894726
178,"[(0, 0, 1), (0, 1, 0)]",2.0,1.0,0.0007236867897527237,0.0005069341446836654,1.30939300513063,Invalid Circuit,1.386234352330544,0.026332032973393527,10.731853,-1.6724747
179,"[(0, 0, 1), (0, 1, 0)]",2.0,1.0,0.00024135126096594831,0.00028818197852809035,0.5729781945882385,Invalid Circuit,0.3693196892743565,-1.2331157121010834,9.025658,0.78441775
180,"[(0, 0, 1), (1, 0, 0)]",2.0,0.0,0.0004666630297142135,0.0008768369526006148,1.4134453428350537,Downstream Activation,2.199757514892702,-0.49225056032163383,3.9656043,-14.157046
181,"[(1, 0, 0), (0, 0, 1)]",0.0,2.0,0.0006393893472251937,0.0002285907717561293,0.9157119302346483,Invalid Circuit,-1.2455471016898456,1.195721557021744,-4.1223645,11.536501
182,"[(0, 1, 0), (0, 1, 0)]",1.0,1.0,0.000675209504293051,0.0002171822933104866,0.9389018824625028,Invalid Circuit,0.13864103107823403,0.09290421186878388,1.9057248,-1.3705834
183,"[(0, 1, 0), (0, 1, 0)]",1.0,1.0,0.00011770753812744006,0.00048492091518494677,0.6251494434674253,Invalid Circuit,-0.24303036861442523,-0.5933251452072381,-5.389122,-3.4317675
184,"[(0, 1, 0), (0, 1, 0)]",1.0,1.0,0.0006495197177675176,0.00030858255633491033,1.0156844038992587,Invalid Circuit,0.24159883359760984,0.17814818700070426,2.0369654,-0.9363308
185,"[(0, 1, 0), (1, 0, 0)]",1.0,0.0,0.0006138373942363342,0.0006274429211776679,1.327776163954149,Dual Control,1.2909022801508188,0.01369084223250229,3.9334767,-9.413252
186,"[(1, 0, 0), (0, 1, 0)]",0.0,1.0,0.0006916281826709915,0.0003723860862724573,1.1290437715216644,Invalid Circuit,-0.3385918833596482,0.9431291652506422,-0.3013783,11.181978
187,"[(0, 1, 0), (1, 0, 0)]",1.0,0.0,0.0008362131000881606,0.0004575924264309381,1.3687427439742998,Dual Control,1.3470040140167905,0.19420900244471745,5.195383,-7.6542187
188,"[(1, 0, 0), (0, 1, 0)]",0.0,1.0,0.00013138282792431405,0.0009261004968448786,1.0822201163710343,Invalid Circuit,-0.2881294185138333,0.6742864111203404,-8.607623,4.224467
189,"[(1, 0, 0), (0, 0, 1)]",0.0,2.0,0.0008498166400365095,0.00010658026934508046,0.9869191535392222,Invalid Circuit,-1.133433707923435,1.4237645706575348,-3.5419564,10.673978
190,"[(0, 0, 1), (0, 1, 0)]",2.0,1.0,0.0008116531497568975,4.408050356212148e-06,0.9525316621484479,Invalid Circuit,0.7446777565402197,-0.5457469968418395,12.420402,0.19570579
191,"[(1, 0, 0), (0, 0, 1)]",0.0,2.0,0.0007185703181664863,0.00026173388169965675,1.0328576028740257,Invalid Circuit,-1.0828284554236096,1.3983836309795683,-3.3891017,11.4449
192,"[(0, 1, 0), (0, 1, 0)]",1.0,1.0,7.996549842324267e-05,0.0009360807541265125,1.0324007394085284,Invalid Circuit,0.3913686682217505,0.0003014808484152663,-8.239862,-3.5789754
193,"[(1, 0, 0), (1, 0, 0)]",0.0,0.0,0.0006749502647538365,0.0007081609647054788,1.4760915636561924,Invalid Circuit,0.7634267795404894,0.8405569446686916,7.2273693,-11.364353
194,"[(0, 1, 0), (1, 0, 0)]",1.0,0.0,0.00012208768389781116,0.0001859481393657861,0.3318051896858467,Dual Control,-0.07896129521809832,-1.5932713754343768,-1.235879,-6.4706745
195,"[(0, 1, 0), (1, 0, 0)]",1.0,0.0,0.0007304116388667833,0.0009807482776480764,1.8082608580980084,Dual Control,1.9947449965822552,0.7621677684118691,5.4123535,-10.893353
196,"[(0, 1, 0), (0, 1, 0)]",1.0,1.0,2.2327419873012608e-05,0.0009979250463758725,1.0426291112131585,Invalid Circuit,0.4039978049945166,-0.020146561588812884,-8.630809,-3.5859842
197,"[(0, 0, 1), (1, 0, 0)]",2.0,0.0,0.00023839761253380412,0.0008151880107374016,1.094911136069455,Downstream Activation,1.7823491235753792,-1.026386771665605,2.7201877,-14.795439
198,"[(1, 0, 0), (1, 0, 0)]",0.0,0.0,0.00014157677754776608,0.00046062381379179514,0.6287123940003029,Invalid Circuit,-0.36968788655834506,-0.5604918536110134,-2.8034508,-9.5875
199,"[(0, 1, 0), (0, 0, 1)]",1.0,2.0,0.0004167193318331976,0.00013414232872937244,0.5831723888140508,Upstream Repression,-0.9679052934817531,0.03501476164120887,-3.678382,3.494477
200,"[(0, 0, 1), (1, 0, 0)]",2.0,0.0,1.1882086477906634e-05,0.00015273328781653027,0.21533387752024685,Downstream Activation,0.4513851166444073,-2.4451990414155973,11.869109,-8.714535
201,"[(0, 1, 0), (1, 0, 0)]",1.0,0.0,8.22788065906082e-05,0.0005602709115789153,0.659274307029796,Dual Control,0.4353576518875823,-1.1172315821546137,-0.08870279,-10.328453
202,"[(0, 0, 1), (0, 0, 1)]",2.0,2.0,0.00039536242251878614,0.0007586192058482936,1.2158498487418337,No Control,0.6910923730813273,0.3276793078466312,7.499738,2.4779494
203,"[(1, 0, 0), (0, 0, 1)]",0.0,2.0,0.0002568674526934112,0.00046176821997045075,0.7629614317959444,Invalid Circuit,-1.4319958462985045,0.7980022343455071,-7.4103303,9.474365
204,"[(0, 1, 0), (0, 1, 0)]",1.0,1.0,6.060901910622345e-05,9.814982496328838e-05,0.17301125738974088,Invalid Circuit,-0.9136304424082647,-1.2758402308794432,-2.766835,-2.05269
205,"[(0, 0, 1), (0, 1, 0)]",2.0,1.0,0.0007847109119927347,0.0008775489750200942,1.7658093916289512,Invalid Circuit,2.037763262548776,0.6925846756904035,8.769077,-2.6372933
206,"[(0, 0, 1), (1, 0, 0)]",2.0,0.0,0.00020860700323890446,0.00024528973653943344,0.4925536562879458,Downstream Activation,0.8712299041076873,-1.9265902210164698,11.8693,-7.7799673
207,"[(0, 1, 0), (0, 0, 1)]",1.0,2.0,0.0003480193845668573,0.00014353536909074923,0.5244007393629659,Upstream Repression,-1.0509201930212175,-0.08443187046377172,-3.942143,3.2868967
208,"[(0, 0, 1), (0, 0, 1)]",2.0,2.0,0.00047543750692596355,0.000788238111614696,1.33482309788184,No Control,0.8497045535445873,0.5268674002741027,7.5072637,2.828367
209,"[(0, 1, 0), (0, 0, 1)]",1.0,2.0,0.00014378350635516944,1.70475294229757e-05,0.17366063727723385,Upstream Repression,-1.5331411682757847,-0.6677729262056885,-5.4292264,2.7713506
210,"[(1, 0, 0), (0, 0, 1)]",0.0,2.0,1e-07,1e-07,0.493004835339405,Invalid Circuit,-2.4996871214788148,-0.3827324706341276,-11.975145,13.525164
211,"[(1, 0, 0), (0, 1, 0)]",0.0,1.0,0.0006016504880025507,8.865621856797306e-05,0.716462125112045,Invalid Circuit,-0.8986716018523283,0.3491120143658072,-0.45309505,0.1755043
212,"[(0, 0, 1), (1, 0, 0)]",2.0,0.0,0.00021383736066038324,0.0006784841414821708,0.9301091681933471,Downstream Activation,1.5391221013272705,-1.276119384694923,2.155774,-15.212949
213,"[(0, 1, 0), (1, 0, 0)]",1.0,0.0,0.00043022861731838847,8.858251299566832e-05,0.5437951408385248,Dual Control,0.20917135236751574,-1.1391601722776292,1.3101676,-5.823923
214,"[(0, 1, 0), (0, 0, 1)]",1.0,2.0,0.000793804867211249,0.0005010560528925616,1.3736817219892,Upstream Repression,0.12578641481787298,1.3091992668561219,0.10522063,5.1221266
215,"[(0, 1, 0), (0, 1, 0)]",1.0,1.0,0.0007036508694829992,0.0004312995032156003,1.2061946954873888,Invalid Circuit,0.5053972979257833,0.4645965608513772,2.4120162,-0.12841651
216,"[(1, 0, 0), (0, 0, 1)]",0.0,2.0,0.0007952353882468542,0.00028217284640329746,1.1330026260534634,Invalid Circuit,-0.9430441383941455,1.5773844745887797,-2.8269937,10.992777
217,"[(1, 0, 0), (0, 0, 1)]",0.0,2.0,0.00036873365143592863,0.0009960882405401527,1.423232806606793,Invalid Circuit,-0.4588346944960848,1.8049060782537945,-7.508635,6.369075
218,"[(0, 1, 0), (0, 0, 1)]",1.0,2.0,0.00020535210664305103,0.0007636191698127988,1.0054580678961424,Upstream Repression,-0.3076280224817044,0.5552514315573283,-8.567777,-1.3260857
219,"[(1, 0, 0), (0, 0, 1)]",0.0,2.0,0.0003815258090302755,7.321583841917803e-05,0.47656034725125584,Invalid Circuit,-1.8477929340743868,0.46560250146035254,-7.2369747,12.790055
220,"[(0, 0, 1), (0, 0, 1)]",2.0,2.0,0.0002934732226991077,0.00023317034578598678,0.570468285643838,No Control,-0.2544073948368464,-0.6467486981153757,-4.6213813,0.67433804
221,"[(0, 1, 0), (0, 1, 0)]",1.0,1.0,0.00014907929465251074,0.0007619764326406615,0.9387177967733891,Invalid Circuit,0.22383837599388826,-0.12291424970873888,-7.315702,-3.7640896
222,"[(0, 1, 0), (1, 0, 0)]",1.0,0.0,0.00048021743266335866,0.0004385074447700327,0.9877932730045083,Dual Control,0.8135196733043148,-0.5249069933347799,2.3441737,-8.408758
223,"[(1, 0, 0), (0, 0, 1)]",0.0,2.0,1e-07,1e-07,0.4930048353394055,Invalid Circuit,-2.4996871214788148,-0.3827324706341276,-12.802106,12.971405
224,"[(0, 1, 0), (0, 0, 1)]",1.0,2.0,0.0009647052282845263,0.0005356105763186514,1.5836008448402934,Upstream Repression,0.42060793933414714,1.6919538674783845,0.251191,5.708127
225,"[(0, 0, 1), (0, 1, 0)]",2.0,1.0,0.0004039178605632248,0.00012676821536610405,0.5617139397001875,Invalid Circuit,0.35354528564339793,-1.1562026576744804,10.464076,1.0219879
226,"[(1, 0, 0), (0, 0, 1)]",0.0,2.0,0.0009875750306217092,0.00033379704779422256,1.3841703949492572,Invalid Circuit,-0.5918210131751528,2.026979087701822,-2.4071398,10.182312
227,"[(0, 1, 0), (1, 0, 0)]",1.0,0.0,1.765624536236212e-07,0.0003111026523450505,0.7918905593861925,Dual Control,-0.06086858083941972,-1.6448775613892648,-2.1408134,-6.4435673
228,"[(1, 0, 0), (0, 0, 1)]",0.0,2.0,0.0006440982185660208,0.0009838276754266266,1.7163715321472268,Invalid Circuit,-0.08738288540808764,2.3212026735806615,0.6035294,8.103163
229,"[(0, 1, 0), (1, 0, 0)]",1.0,0.0,0.00013299784455661284,0.00011937670152292301,0.27700542482386925,Dual Control,-0.1650033930321627,-1.670498847854955,-1.0178673,-5.8681836
230,"[(0, 1, 0), (1, 0, 0)]",1.0,0.0,0.0005280876230465396,0.0006113512883221468,1.2181941042951112,Dual Control,1.1448747497618654,-0.176515374923709,3.2282655,-9.594707
231,"[(0, 1, 0), (1, 0, 0)]",1.0,0.0,0.0003485700214556581,0.00036301663323959674,0.7694434173379867,Dual Control,0.5118983397710686,-0.8919900052585973,0.84149945,-8.071688
232,"[(0, 0, 1), (0, 1, 0)]",2.0,1.0,0.0008296404549980197,0.0005368571755053138,1.4489501924635102,Invalid Circuit,1.5819758158615445,0.2761940439954898,10.760073,-2.1324277
233,"[(1, 0, 0), (0, 0, 1)]",0.0,2.0,0.0009536585098578366,0.0008188202080708123,1.8792854764212277,Invalid Circuit,0.09962877594022003,2.6780847357108293,1.5637164,8.869411
234,"[(1, 0, 0), (0, 1, 0)]",0.0,1.0,0.00022655128949118812,0.0005767607500258809,0.8430442332553014,Invalid Circuit,-0.6859221076351156,0.3426151439447643,-5.605666,7.2036476
235,"[(1, 0, 0), (0, 0, 1)]",0.0,2.0,6.366194746775357e-05,0.0007180979573268729,0.7959507323661806,Invalid Circuit,-1.3149153834730185,0.8019247483340258,-8.632119,5.6211276
236,"[(1, 0, 0), (0, 0, 1)]",0.0,2.0,0.0004283635222128483,0.00025877517835884607,0.736394113107758,Invalid Circuit,-1.4985136756293551,0.8307855420597992,-6.336137,11.466991
237,"[(0, 0, 1), (1, 0, 0)]",2.0,0.0,0.0005571750501744602,0.0009331199060341149,1.5699562034966017,Downstream Activation,2.413811143267143,-0.23339370416929467,4.205238,-13.9836855
238,"[(0, 0, 1), (1, 0, 0)]",2.0,0.0,0.0002756092142421068,0.00022043695026754005,0.5379208039125544,Downstream Activation,0.9282682741469597,-1.8332901001709996,11.244222,-7.627512
239,"[(0, 0, 1), (0, 1, 0)]",2.0,1.0,0.0006287826219514044,0.000987021584450718,1.7026909649587458,Invalid Circuit,1.9837495364324362,0.5517790056340373,8.375847,-2.5696356
240,"[(0, 1, 0), (0, 1, 0)]",1.0,1.0,0.0005827568041798258,8.331698953329649e-05,0.6911378067456602,Invalid Circuit,-0.1964502594454495,-0.28439626343185137,1.259576,-1.9338039
241,"[(0, 1, 0), (1, 0, 0)]",1.0,0.0,0.0005415136317290668,0.0008997195390274368,1.5193249788688195,Dual Control,1.6035656593669223,0.27578869610542334,4.2997127,-11.071106
242,"[(1, 0, 0), (0, 0, 1)]",0.0,2.0,0.0007231375193955387,0.0003066422057031601,1.087751628480203,Invalid Circuit,-1.0078867997682392,1.4736280955059313,-3.1385112,11.4167
243,"[(0, 0, 1), (1, 0, 0)]",2.0,0.0,0.00011474161083891091,0.000508495419962524,0.6452552148526384,Downstream Activation,1.1395421743471503,-1.7197077900693245,1.1315186,-15.227511
244,"[(0, 1, 0), (0, 0, 1)]",1.0,2.0,0.0008299397861096593,0.0009271469982036429,1.8645614697549244,Upstream Repression,0.8266346872017457,2.009148883693761,2.4646468,5.7877564
245,"[(0, 1, 0), (1, 0, 0)]",1.0,0.0,0.0005165616446598035,0.000246191548745507,0.8115579138599308,Dual Control,0.5717936256512719,-0.7386401291610705,2.2848306,-6.7804193
246,"[(0, 1, 0), (0, 0, 1)]",1.0,2.0,0.00021896577666409225,0.0009780724047543997,1.2355035949380662,Upstream Repression,0.038632227365088666,0.8986633208503412,-9.2725115,-1.4718057
247,"[(1, 0, 0), (0, 0, 1)]",0.0,2.0,0.0006270978455482809,0.0007757639886593247,1.491015210738525,Invalid Circuit,-0.42869952415231566,1.9806625880571291,-0.034203194,8.7012615
248,"[(0, 0, 1), (0, 1, 0)]",2.0,1.0,0.0006559449510873911,0.00028141397743807877,0.9918093762232266,Invalid Circuit,0.9464101038163396,-0.4384886200456667,11.089761,-0.26360995
249,"[(1, 0, 0), (1, 0, 0)]",0.0,0.0,7.709207447894952e-05,0.0006036861645761965,0.6967259968438275,Invalid Circuit,-0.2429279360357979,-0.47417634730993463,-3.3243718,-9.852729
250,"[(1, 0, 0), (0, 0, 1)]",0.0,2.0,0.00015015793589322513,0.00011050294625807902,0.2846262959321151,Invalid Circuit,-2.1187514370324774,0.07168599698982013,-9.911796,12.159303
251,"[(0, 1, 0), (0, 1, 0)]",1.0,1.0,0.000203194190671828,0.0004761402294599541,0.7156607753452507,Invalid Circuit,-0.1352978917628746,-0.4403942313986979,-5.298161,-3.69355
252,"[(0, 1, 0), (1, 0, 0)]",1.0,0.0,0.000415029214960167,0.00030468730751944566,0.7741222080537163,Dual Control,0.517126426776745,-0.8492266091819674,1.4310166,-7.4471135
253,"[(0, 1, 0), (0, 0, 1)]",1.0,2.0,0.000907313827671977,0.0003037082093564506,1.2698853564462138,Upstream Repression,-0.01428227653219567,1.2377872827535374,-0.6866025,5.3593354
254,"[(0, 1, 0), (0, 0, 1)]",1.0,2.0,0.0007475796994355328,0.0008904916490741811,1.7378278082770142,Upstream Repression,0.654056738131915,1.795125311899497,2.1784744,5.519639
255,"[(0, 1, 0), (0, 0, 1)]",1.0,2.0,0.0008521545329891745,0.0009926503693259657,1.9538887272124394,Upstream Repression,0.9579807429651629,2.149085445208674,2.8177104,5.990126
256,"[(0, 1, 0), (1, 0, 0)]",1.0,0.0,0.0009321021859320958,0.0006261214992381998,1.6494037848204843,Dual Control,1.7398151450050137,0.6294164514724877,5.791305,-8.2483015
257,"[(1, 0, 0), (0, 0, 1)]",0.0,2.0,0.0002650141959087317,0.0003640072013936207,0.6751075401114177,Invalid Circuit,-1.569507285938778,0.6693091851881484,-7.552918,10.211867
258,"[(0, 1, 0), (1, 0, 0)]",1.0,0.0,0.0004990396580220317,0.0009948208397170893,1.567190522122846,Dual Control,1.6883859834813841,0.33392905372931997,4.318837,-11.563563
259,"[(0, 1, 0), (0, 0, 1)]",1.0,2.0,0.00041446969535713986,0.0006375238969757318,1.1165368381408416,Upstream Repression,-0.20359821544916054,0.7747147673043321,-1.1157441,3.057337
260,"[(1, 0, 0), (0, 1, 0)]",0.0,1.0,0.0007873820717129402,0.0005158353956194693,1.3833786106459673,Invalid Circuit,0.015789151305955915,1.341002946256578,-0.0022388212,10.845787
261,"[(0, 1, 0), (1, 0, 0)]",1.0,0.0,0.0006426260873675597,0.0005568248952572737,1.281795593428828,Dual Control,1.2240213108479714,-0.03481991010135407,4.024113,-8.805074
262,"[(0, 0, 1), (1, 0, 0)]",2.0,0.0,0.00014132383082125438,0.00031751447254827544,0.4854382908028551,Downstream Activation,0.8860203939497853,-1.9504134753115743,11.863336,-8.084434
263,"[(1, 0, 0), (0, 0, 1)]",0.0,2.0,7.0130928057215025e-06,6.649934512514331e-06,0.11509750447259226,Invalid Circuit,-2.4799058970387966,-0.35963405656140707,-11.526763,11.838833
264,"[(0, 1, 0), (0, 0, 1)]",1.0,2.0,0.000676030670081125,0.0007242570859050233,1.4937322528689287,Upstream Repression,0.2992297544590112,1.4105479167177992,1.3506856,5.1405187
265,"[(0, 1, 0), (0, 1, 0)]",1.0,1.0,0.0001987192336133984,0.0007287623269132003,0.962974762567647,Invalid Circuit,0.24352901704739266,-0.075669471381652,-7.0727987,-3.9403312
266,"[(0, 1, 0), (0, 0, 1)]",1.0,2.0,0.00013342076263097083,0.0007610061386563052,0.9195162488185381,Upstream Repression,-0.4135266512859787,0.41178680331948214,-8.748075,-1.3055329
267,"[(0, 0, 1), (0, 1, 0)]",2.0,1.0,0.0003453378782732744,0.0003340249797360113,0.7351742492761674,Invalid Circuit,0.5865469941212712,-0.9635394200732177,9.345528,0.5408763
268,"[(0, 1, 0), (1, 0, 0)]",1.0,0.0,0.0009517330300598522,0.0004934391810468453,1.524390059104955,Dual Control,1.5653310304984205,0.47139300062861067,5.74462,-7.3996162
269,"[(0, 1, 0), (0, 0, 1)]",1.0,2.0,1.0552833264248381e-05,6.8696551443287085e-06,0.08860927119769957,Upstream Repression,-1.7374245665330583,-0.9413873318093218,-5.996531,2.602825
270,"[(1, 0, 0), (1, 0, 0)]",0.0,0.0,0.0008816057332208495,0.0001155850930431145,1.0294300117527961,Invalid Circuit,0.15273581205848563,0.3657204604791227,-1.5786661,-11.902697
271,"[(1, 0, 0), (1, 0, 0)]",0.0,0.0,0.00020261723437129151,1.7794697217934987e-05,0.23322730547017292,Invalid Circuit,-0.9583753272999865,-1.0965876698261132,-2.5592036,-7.9615736
272,"[(0, 0, 1), (1, 0, 0)]",2.0,0.0,0.00017104654454415207,0.0009332903418002374,1.135502364903132,Downstream Activation,1.8669919430976685,-0.9825285058674527,2.4650593,-14.197389
273,"[(1, 0, 0), (0, 1, 0)]",0.0,1.0,0.0001971350856515179,0.0004321536401053988,0.6647398581953885,Invalid Circuit,-0.948079087349908,0.07177618514038929,-5.4997888,7.44704
274,"[(0, 1, 0), (0, 0, 1)]",1.0,2.0,0.0004516181885707108,0.0002453726860101927,0.7449211942102857,Upstream Repression,-0.7488690940291242,0.2671589361101305,-3.088308,3.4185674
275,"[(0, 1, 0), (0, 1, 0)]",1.0,1.0,0.000850096986678463,0.00014632134328150713,1.0336637920496319,Invalid Circuit,0.2783870589431436,0.32757857328962653,2.5300298,-1.6238749
276,"[(1, 0, 0), (0, 1, 0)]",0.0,1.0,9.482206745603613e-05,7.116870270193709e-05,0.18276424610137265,Invalid Circuit,-1.6434249303092163,-0.6603744357637424,-11.164978,14.614537
277,"[(1, 0, 0), (0, 0, 1)]",0.0,2.0,0.000430024314260566,5.073632225617059e-05,0.49869788905301904,Invalid Circuit,-1.8133527276880492,0.5264991942055042,-6.537068,12.609799
278,"[(1, 0, 0), (0, 0, 1)]",0.0,2.0,0.0002714207016460693,0.0001434799506575225,0.4464722533908165,Invalid Circuit,-1.8966632323910488,0.3557736412788481,-8.5373535,12.011046
279,"[(0, 0, 1), (1, 0, 0)]",2.0,0.0,0.0007994470178569408,0.0008779521794087446,1.7822193560395787,Downstream Activation,2.672956738705862,0.1552551702750738,7.88595,-8.243758
280,"[(0, 1, 0), (0, 1, 0)]",1.0,1.0,0.0005302905652402883,0.0009982964808267288,1.6052636619213494,Invalid Circuit,1.1242623471651465,0.9662422457057186,4.2191734,2.643947
281,"[(0, 1, 0), (1, 0, 0)]",1.0,0.0,0.0006089480660943749,0.0004903352289233949,1.175271217096689,Dual Control,1.0749299440551163,-0.19846193160087464,3.482059,-8.451894
282,"[(0, 1, 0), (0, 0, 1)]",1.0,2.0,0.000655969055013693,0.0007984540438697981,1.5455037372663212,Upstream Repression,0.3839322398713139,1.481286068370457,1.683096,5.179277
283,"[(1, 0, 0), (0, 0, 1)]",0.0,2.0,2.9135033455545132e-05,0.0008112812494029242,0.857159445668317,Invalid Circuit,-1.2217597583677198,0.8726534471288248,-8.623029,5.5218177
284,"[(0, 1, 0), (0, 1, 0)]",1.0,1.0,0.0006109663629904221,0.0007795298041064356,1.4768057991545265,Invalid Circuit,0.9050177860468586,0.7994487030982064,3.612629,2.4784784
285,"[(0, 1, 0), (0, 1, 0)]",1.0,1.0,0.0006794570611536002,0.0009773861921439997,1.7488714216091246,Invalid Circuit,1.3037247070505114,1.2248319135621801,4.1287937,3.2382774
286,"[(0, 0, 1), (0, 0, 1)]",2.0,2.0,0.0005617010164511239,0.0004355718908065487,1.0674465208602197,No Control,0.434223247902967,0.17299668839651502,9.049134,2.7586954
287,"[(0, 1, 0), (0, 0, 1)]",1.0,2.0,0.0002567278456856809,2.7359113675817257e-05,0.29708174435378343,Upstream Repression,-1.3573962237216406,-0.43333199287328733,-4.7729125,3.08395
288,"[(0, 1, 0), (0, 1, 0)]",1.0,1.0,7.673956903455512e-05,0.00039314331623589336,0.48580661910007833,Invalid Circuit,-0.4410062996784902,-0.8084942650427781,-4.7795525,-2.9917638
289,"[(1, 0, 0), (1, 0, 0)]",0.0,0.0,0.0004463914390821966,0.00015919275328764627,0.6419592139207557,Invalid Circuit,-0.3974019345412517,-0.4144724887663074,-2.0439916,-8.459013
290,"[(0, 0, 1), (1, 0, 0)]",2.0,0.0,0.00030417918251876504,0.00029598694395409066,0.6509608988147512,Downstream Activation,1.0839364653069026,-1.6661692470151266,11.291642,-7.637123
291,"[(0, 1, 0), (0, 1, 0)]",1.0,1.0,4.2226779498367965e-05,0.00011546620486893561,0.17115586332817728,Invalid Circuit,-0.913273089148725,-1.2859199839272528,-3.1319177,-2.084814
292,"[(0, 0, 1), (0, 0, 1)]",2.0,2.0,0.0006941257563647491,0.0005409677298636333,1.3167003903142285,No Control,0.7825414409493433,0.5857919916990774,8.898686,3.2995327
293,"[(0, 0, 1), (0, 1, 0)]",2.0,1.0,0.0007999349086217269,0.00043340475002749337,1.3055894369664902,Invalid Circuit,1.3821564983287893,0.06562572700430837,11.288734,-1.4492685
294,"[(0, 1, 0), (1, 0, 0)]",1.0,0.0,7.601016298764385e-05,8.329571009937571e-05,0.17642442129131994,Dual Control,-0.3007572072169859,-1.8344314314717325,-1.3668978,-5.4240093
295,"[(1, 0, 0), (0, 1, 0)]",0.0,1.0,0.0005930903940424754,0.0005965285648690677,1.2736012064691742,Invalid Circuit,-0.13645839203702148,1.083202848958004,0.43750003,10.898567
296,"[(0, 1, 0), (1, 0, 0)]",1.0,0.0,0.0002942329015929086,0.0004639144478353881,0.8077842708750793,Dual Control,0.588748396788879,-0.8483052576944248,0.8469394,-9.1136055
297,"[(0, 1, 0), (0, 1, 0)]",1.0,1.0,0.00039528295873771644,0.00011869309540647933,0.5436374433329907,Invalid Circuit,-0.40813197916194205,-0.5959492627311506,-0.115444735,-2.0666974
298,"[(0, 1, 0), (0, 1, 0)]",1.0,1.0,0.0006910178332432312,0.0007454505372499912,1.5313968828632352,Invalid Circuit,0.9664773534453955,0.9044364524408969,3.2923281,2.5775502
299,"[(0, 0, 1), (1, 0, 0)]",2.0,0.0,0.00024225586852455144,0.0002743493339345792,0.5604702176254818,Downstream Activation,0.9632111865414792,-1.8183314883830597,11.389629,-8.18298
300,"[(0, 0, 1), (0, 1, 0)]",2.0,1.0,0.0005603903488706993,0.0005023000611169588,1.1389877276874711,Invalid Circuit,1.1478053165431195,-0.29743864887508803,9.7801285,-0.82558465
301,"[(0, 0, 1), (1, 0, 0)]",2.0,0.0,0.00016299821773244292,3.59831433832479e-05,0.21213348777121707,Downstream Activation,0.48748493205354837,-2.32448984704567,12.391055,-8.257411
302,"[(1, 0, 0), (0, 0, 1)]",0.0,2.0,3.147771150935432e-05,0.0008911345694523718,0.9382558710130668,Invalid Circuit,-1.0966900363043635,0.9952340531693521,-8.607487,5.133972
303,"[(0, 1, 0), (1, 0, 0)]",1.0,0.0,0.0008230851211607019,0.0009308156823666285,1.8607448036780714,Dual Control,2.0499166197455834,0.8682185802684597,5.7345366,-10.313427
304,"[(0, 0, 1), (1, 0, 0)]",2.0,0.0,0.00041828100598613406,0.0009859151019885168,1.4684930763705395,Downstream Activation,2.2975173106593245,-0.4249166980519033,3.5156467,-14.180755
