,k1,k2,theta1,theta2,loss
0,0.0008353548946255378,4.323218277080777e-05,9.872342702043492,2.7925548521973096,0.2695446682225385
1,0.00042141910581814133,0.00037281350096777263,0.8968168200963178,7.766835654771024,0.08166609665580687
2,0.0008310760141216315,0.00038021110408585873,2.521939337802314,8.916063472313281,0.16555288586896336
3,0.00037921491176720303,0.00043437978044744575,5.539273843278842,9.506193785435068,0.16984182749210466
4,0.00016618639432235607,3.378569697016712e-05,2.026214089996171,5.1027941281079,0.13350106022734534
5,1e-07,0.0004648600960279372,0.001,7.070164771185379,0.5000038136785111
6,0.00023092164046129598,0.00033310285260961875,5.519344793239147,9.449825176102696,0.1105085992283752
7,1e-07,7.699257363000969e-05,5.468909936835852,9.307171790951513,0.4954144909825506
8,0.0003918458222006892,0.0003214175233001497,0.8508748921678189,7.771838079113539,0.08899711358787953
9,0.0006692459636748309,0.0008795218840136938,0.8875852270256095,7.833363079510358,0.09214652340427214
10,1e-07,1e-07,0.9908274139337354,7.812233096814678,0.4998649321067751
11,1e-07,0.00026830341609406796,5.466759506231592,9.478556479702856,0.49547932248577625
12,0.0003787781337724132,0.0003933993706225842,5.548832478769129,9.454719300307218,0.1655620350373888
13,0.0005454467101521071,0.0006055721390502313,0.8776001126481358,7.794686644871328,0.08052744152127683
14,0.001,0.001,0.873210309743715,7.7398575783077295,0.1139557053091546
15,1e-07,1e-07,0.8427477581505147,7.832776744896101,0.49989327466800204
16,0.001,0.001,0.874349648958728,7.769863972084382,0.11372236797508437
17,0.0004922415663642014,0.0006947363275370697,0.9011289358735054,7.808398686748247,0.08219056273127397
18,1e-07,1e-07,0.8314048662210118,7.744435245880547,0.4998935338547984
19,0.001,0.001,5.570314899012395,9.490392618774136,0.4656795708989124
20,1e-07,1e-07,5.525628842375996,9.47006385894814,0.499232592898816
21,0.0004839200923090398,0.0005243045515715975,0.8894202669494441,7.784582834603934,0.07930408546051596
22,0.00019703930955410613,0.00023139410009047554,2.0079655081394887,5.098548140545131,0.07979550249547139
23,0.00043602883922571353,0.0005829955251258573,5.524035772863113,9.436720739454477,0.20504646871899584
24,0.0002141188890790005,0.00019192461375964128,0.8864335804153789,7.753474652748336,0.1393017733593153
25,0.0004408108944913729,4.4063197281450624e-05,2.3425184017669682,8.798037639340775,0.08046290449908777
26,0.0005039345850781465,6.198719710355006e-05,2.3531414392644234,8.807331341865838,0.06719008107396646
27,1e-07,1e-07,0.8601061621544481,7.783891557548461,0.49988901559882665
28,0.0007562923475122916,0.00035384955713837324,2.5203935248159595,8.930410563167902,0.14834011885482198
29,0.0005918203138120894,0.0006844150888015138,0.8870582789083961,7.79606133580655,0.08340092055511833
30,0.0007155690705042736,0.00027589725477554397,2.5063194727513625,8.923808260349443,0.12470168002038852
31,0.00026352938589058243,0.0003979895512217173,0.9012536833926031,7.795482948831737,0.09620643036878403
32,0.00013167676933107094,3.2167907023276663e-07,2.0157917624423374,5.090910135470381,0.4861795004197346
33,0.0003487752609018557,0.0005648312002310079,0.9427763435671327,7.706985602453198,0.08180548590000268
34,0.0007050095197484396,0.0007967966389597873,0.8966687264647307,7.789623652910103,0.09134933380272559
35,0.0007684951996513427,0.0008611493990126486,0.8972617572879512,7.789630213432526,0.09683870724296584
36,0.00047680846783487566,5.427850503514471e-05,2.348576515623291,8.803337634673394,0.07086458004868951
37,0.001,0.001,2.5037425876485133,8.939315326484373,0.29447165467201314
38,0.001,0.0009913781014507415,0.8538018671160966,7.763029812313152,0.111035151023232
39,0.00024381886095542932,0.00038357171089711134,2.0045341428626595,5.105185143692796,0.09737992149907934
40,0.00038067844330716335,0.0005555579393390311,0.8901084487224163,7.818227315083803,0.08196996650490386
41,1e-07,1e-07,0.8805360425851325,7.807427613278403,0.4998857093999306
42,0.0006863398664141206,0.0008540229975427165,1.9853514528699905,5.224843263699453,0.24130059507271898
43,2.789331753158999e-06,0.0008667807565492119,0.9483004714162925,7.609310455786028,0.4372040143873893
44,0.000683593658886618,0.000676025566878067,0.8869445416381659,7.769438957179515,0.08560262634904156
45,0.0006454062812552095,0.00021752889328894627,2.6414398470952443,8.85912824398819,0.10907008439810494
46,0.00012819645157195983,7.353457787880285e-05,2.345115434506448,8.810870346186707,0.11437506234476172
47,1e-07,1e-07,2.5356475033489603,8.927790735932264,0.49962523014620563
48,1e-07,1e-07,2.5093631961051286,8.91309675819559,0.49962892117831603
49,0.00021551427863521707,0.00032009662942177844,2.0019067475504526,5.0986318022523545,0.08822377648681018
50,0.0002276251998216858,0.0002785272721111537,2.01431866776977,5.107518383593395,0.0861652145031209
51,1e-07,0.001,0.8909794029182336,7.762515906603822,0.4965658718666845
52,0.001,1e-07,1.9983743812255066,5.103428704666166,0.49529160159129143
53,9.446841709542968e-05,0.00048453666908884567,7.070062418686616,6.703056435237544,0.09018508330112088
54,0.0002958061699617117,0.0004159573009669542,5.519896326601569,9.445215372817401,0.1394487730299011
55,0.000570732923187796,0.0006423506970523115,0.8894590236613288,7.790378321392267,0.08189536923116905
56,0.0007358622882054275,0.0008873501070468056,6.985879862349172,6.672867621323403,0.40445023530419566
57,0.0005993186134717583,0.00038568411116371605,0.9700371523526392,7.67001580431835,0.07634299683775364
58,0.0003972605888694212,0.0005171583556581933,0.9429175814446485,7.70249067262778,0.08012665016744341
59,0.0004751375168775535,0.0006448400951733924,0.8995994684761932,7.802492810051759,0.0810811648262705
60,0.00035925840578718174,0.00010251951506162952,2.695677676280151,8.854081125323082,0.06655754130475817
61,0.000600715400406756,0.0006307277237457455,0.9747294786059757,7.6714435691514264,0.08528655441251468
62,0.0002446259934383001,0.0002848348123879442,2.033900518693921,5.156393841532099,0.08860487885706755
63,0.00040598708009711775,0.0006207459960105297,2.2116506930235884,9.685438913333664,0.10582007180769107
64,1e-07,1e-07,2.3492919954237155,8.807625366358428,0.49965104613296435
65,0.0006289306040385002,0.00022147688933676538,3.5911882294896436,2.8347596422861314,0.27114607449968386
66,0.0008960490828115505,0.00021943152632794354,8.527675561743937,3.123613365684117,0.4582365617021615
67,0.0004731074891000592,0.0007398759984296969,7.077592653348691,4.5525387037638145,0.296565714697854
68,0.0005999719028840982,0.0005002985540407566,0.9722318959747922,7.6706836136793655,0.08015335184940187
69,0.0003333012357089334,0.0005385434005145907,6.814727252259297,1.335560531219905,0.27597780011363926
70,0.0006478075509221317,7.389905078035231e-05,2.3479889895832105,8.801561401642804,0.06532712500894297
71,0.0003866602403289311,0.0007959165285690809,5.712306756196074,9.001578691344069,0.20603580989834447
72,0.00017872155516597194,0.0008723485220917016,7.9829394477448234,6.167089948519889,0.14490499920046518
73,0.0008896751523590702,0.0008251479291620354,0.9705333261412251,7.672589316578762,0.1089139141136715
74,0.0004241022726931396,8.260064602748218e-05,0.9190494961230505,7.680551839342723,0.1326728963258435
75,0.0006770591723385908,0.0008228763743303623,5.68582551766178,8.991561632369075,0.3276198582804231
76,0.000689235055349888,0.0009909416630376796,5.75030363168274,4.385366165611979,0.4061828879719359
77,0.0009397032983298923,0.00010393669681045403,2.3072344754092495,8.838209981208056,0.0801932623457059
78,0.00043420887385631896,0.00018007445822357842,2.314198406477825,6.953464691812225,0.0852795273592653
79,0.0005658790454216907,0.0009846471755848938,0.9491887169519432,7.653833701244959,0.09569199099742569
80,0.001,1e-07,2.5036311371071616,8.926175842578425,0.49529658891017003
81,0.0007937181920917334,7.998911438820164e-05,0.9752417516537888,7.453476635541421,0.08923548992149734
82,0.0005506295134733182,0.0002785990601361259,2.3454042572583345,6.945147376863845,0.12002149897886023
83,0.0005837752788153764,0.0009150563132484788,5.492714459488895,9.43920006645005,0.2869165253611397
84,0.00034476993708749845,0.0006391391847033679,2.2092927272251943,9.684104399149941,0.09805553821421573
85,0.0005091252226465925,0.0005640706182444513,4.367826603952666,6.36103022043814,0.24196997011381977
86,0.0005415339821490002,0.00020718609874672425,2.3798208852256852,8.763758899084886,0.08824476195286864
87,0.00039561218156152243,0.00034613982375713876,0.8678847199220665,7.716798040420431,0.08586920285892907
88,1.1496369677579805e-06,0.00026191855431235766,2.382472463920958,8.827177409351119,0.4582736808383325
89,0.0008635120501176556,0.0007400400849605587,0.7307274477422472,0.7719348193072473,0.40566970435723043
90,0.0007364832781573794,0.0009582769583398506,9.000487964664728,9.577128602435863,0.40109958354529773
91,0.00030938857844028673,0.0002876683297604414,8.285664956768871,4.49200905253475,0.1894652847564824
92,5.363366250658647e-05,9.803224594566992e-05,7.0681598484190005,6.701450297073969,0.07215402934738395
93,0.00032658269436265777,0.0007060710023451404,5.705887188262798,9.00520966909902,0.17643702958159332
94,3.1276980074316066e-05,0.00033315121767297124,2.7355905120343027,8.824447953116316,0.13341006721623286
95,0.0004813209913269131,0.0006675277382228119,0.900409385133924,7.80545899944358,0.08153349849765948
96,0.00044764422428917,0.0001364164334880624,2.6979989357554315,8.85384009632801,0.07444165778784496
97,0.0009999942807598374,0.0009999958212076768,0.9415273079406599,7.704676486943332,0.12258884143977679
98,0.00022461588727536806,0.0005634651523566188,5.747285659817889,8.989235951635806,0.12884235958012233
99,5.2871732196848354e-05,0.0007898021032258141,2.707461188649207,8.879702552529194,0.08967330610367928
100,1e-07,1e-07,0.9447073880583504,7.70476503921334,0.49987111896026476
101,0.0009991654658930258,0.00020399354566602717,5.520780686244908,9.515629321440915,0.29345056001233566
102,0.00046639111518411667,0.0006129980096339681,2.2221663626500687,9.71326371326158,0.1143813459178077
103,0.0006865049242868655,0.00012923575721167946,3.107500498203476,0.6906353144638693,0.30911719453639047
104,0.0006596602791908112,0.0006556841743330013,6.8978754656837395,7.67569727643775,0.34141311299625815
105,0.0006591688951066674,0.0002016680509167042,2.639417172511657,8.860217945797757,0.10617642300002454
106,0.0006726393165947169,0.0006523608859721658,7.9860041542849185,6.1670724985165295,0.3739461713069389
107,0.0006701801828358506,0.000686046207423898,2.2354367257640906,9.69519535349472,0.154401000804801
108,0.00014828833727018677,0.0004104467613327415,9.777099577191992,4.894473686540137,0.12386622358239159
109,0.0005651810629166635,0.0007850091951615479,0.8893668130966699,7.832410657579393,0.08554710060891958
110,0.0002915442237554725,0.00013733281818358828,0.19463227275939887,2.8649447094710854,0.304843204454922
111,0.0008485307210168983,0.00040869876100575286,7.85474084332259,3.410857044823433,0.46541366414020297
112,7.630717500544948e-05,0.0007722242298587932,1.012750053943526,7.670413211554842,0.1352854235420726
113,0.00023732272044603943,0.0006258087677234623,5.745956483240987,8.991671460708552,0.13690777933158949
114,0.0007867349173066611,0.0005398070367997273,5.679082341686909,2.7434194610649456,0.44876392309853336
115,0.0005197281099706021,6.470036763074143e-05,9.623578076583758,6.913311018226181,0.17473463937764788
116,0.000982412753405976,0.0008334567973039732,5.552457746906972,9.454191855713862,0.442886183490351
117,0.00010075228905096344,0.0009696093675169767,2.5252207113247445,8.914873568533002,0.0829306717671757
118,0.00013975288264518872,0.0005329930169957449,2.733050196326039,8.906060871258443,0.07840470460470945
119,0.0008929269745304154,1.8739804256981147e-05,8.309486411644833,4.4707957126625155,0.07028185847221169
120,1.6873843549125157e-06,2.4313149129403893e-05,7.069907439907321,6.701035999033132,0.43165226703555754
121,0.0005610750115219223,0.0005635719226786069,0.4613680926383491,2.3482464551068003,0.11560466063904834
122,0.0003733958179018868,0.0003818686378796266,9.833240209621545,6.699118977860679,0.21841416562171131
123,0.0007662555809313594,0.0004644544698115768,2.6399356420705185,8.858806479645947,0.18065069312953722
124,0.0008176293064796532,9.359430048287441e-05,8.309029721016513,4.471902977478533,0.32451363980675807
125,0.001,0.001,1.120663709251073,8.505347356703702,0.13365532357852863
126,0.001,0.001,1.0679338500922368,8.589348454389258,0.12614342184017208
127,0.001,0.001,1.0030368047059166,8.690306496165293,0.11741373880364835
128,0.001,0.001,0.9213435575626325,8.813464504474577,0.10733757505967209
129,0.001,0.001,0.8170995260399917,8.964188755477052,0.09623041147105992
130,0.001,0.001,0.6839359972452925,9.147255355532918,0.08576930316710275
131,0.001,0.001,0.5178895589024983,9.363303688432289,0.08222134053093796
132,0.001,0.001,0.32823814426779985,9.596554190584515,0.1089122812888168
133,0.001,0.001,0.17739899110794907,9.76962085833855,0.20552703632521502
134,0.001,0.001,0.2495565188222866,9.664792544928527,0.14366221513590866
135,0.001,0.001,0.17499251748874473,9.741610020759422,0.2080466861282831
136,0.001,0.001,0.2490190210716733,9.638994190665768,0.14374893578303505
137,0.001,0.001,0.17839539351710795,9.711809186264777,0.20355929422186142
138,0.001,0.001,0.238499432800218,9.629402123658936,0.15021285682752414
139,0.001,0.001,0.18375990690172375,9.683942936931135,0.19708058912671708
140,0.001,0.001,0.2273933838364585,9.623689270513708,0.15773625268802355
141,0.001,0.001,0.18956945918904497,9.65917015068486,0.1905673273286283
142,0.001,0.001,0.2184428735303845,9.6181596252692,0.1643396222525059
143,0.001,0.001,0.19495867069052444,9.637990115284985,0.1849111121571128
144,0.001,0.001,0.21221671993484445,9.611954985330708,0.16922844362957948
145,0.001,0.001,0.19932038136533076,9.620705551417858,0.18056323410106923
146,0.001,0.001,0.2084604414065335,9.60519057232221,0.17228179191113155
147,0.001,0.001,0.20239155092875868,9.607307029815773,0.1776019433158884
148,0.001,0.001,0.2066218296021006,9.598293382317408,0.17377526206162835
149,0.001,0.001,0.204309343498831,9.597157495634173,0.17577786364347536
150,0.001,0.001,0.20610040414619799,9.591900551445052,0.17415302588190537
151,0.001,0.001,0.20549088792899933,9.589718453091937,0.17465731646480118
152,0.001,0.001,0.2062723223510882,9.586420629257805,0.17394190676406285
153,0.001,0.001,0.20629613691525447,9.584305770002668,0.1738972873661526
154,0.001,0.001,0.2068320086289811,9.582115841687392,0.17341084499682827
155,0.001,0.001,0.20697322906251733,9.58063341381007,0.173272739410124
156,0.001,0.001,0.207497881981727,9.579167530144577,0.1728071640090943
157,0.001,0.001,0.20771608180086443,9.57827575466225,0.17261110460952683
158,0.001,0.001,0.20820021731791052,9.577535131339596,0.17219126903980908
159,0.001,0.001,0.20850913742812927,9.577249656965822,0.17192651865591077
160,0.001,0.001,0.20897717380411093,9.577127303519594,0.17153030843206402
161,0.001,0.001,0.20929310424894232,9.577459513240688,0.1712686894008249
162,0.001,0.001,0.20976920426953669,9.57792137752003,0.17087514390056396
163,0.001,0.001,0.21017895330199338,9.578767182538055,0.17054294837469297
164,0.001,0.001,0.21057911080583377,9.579857003859768,0.17022255156340188
165,0.001,0.001,0.21105668717825812,9.581160898771458,0.16984186299551224
166,0.001,0.001,0.2114128225043675,9.582852158289885,0.16956718098945794
167,0.001,0.001,0.21202554853440359,9.584658784460158,0.1690842624225739
168,0.001,0.001,0.21227302970222253,9.586943793454683,0.16890702609253289
169,0.001,0.001,0.2128578884397329,9.589187541850942,0.1684553096907406
170,0.001,0.001,0.21331492550497314,9.59187545625543,0.16811399541934155
171,0.001,0.001,0.21374407352808322,9.594822974130429,0.16779965618643705
172,0.001,0.001,0.2142990495814359,9.59794220827409,0.16738716321362473
173,0.001,0.001,0.21468824113671492,9.601431844855389,0.16711350114803605
174,0.001,0.001,0.21522639607553085,9.60503136966613,0.16672310320887812
175,0.001,0.001,0.2156975367822424,9.608968430253883,0.16639141548135486
176,0.001,0.001,0.21619707666968654,9.613147088514772,0.1660413779099723
177,0.001,0.001,0.21666390069826755,9.617578916556507,0.16572128755445
178,0.001,0.001,0.21721568215645137,9.622220670675055,0.16533820058928062
179,0.001,0.001,0.21768790084182488,9.62718734667607,0.16502241999883177
180,0.001,0.001,0.21821568608825856,9.632427610644818,0.16466769482795698
181,0.001,0.001,0.21866271785785654,9.638022076024159,0.16438079520771381
182,0.001,0.001,0.21920966665249347,9.643633580969356,0.16401823148000338
183,0.001,0.001,0.2197097948942556,9.649622718017524,0.16369738263316658
184,0.001,0.001,0.22026390363724457,9.655948822146946,0.1633401261541239
185,0.001,0.001,0.2207338492988371,9.662578195608873,0.16305170408527897
186,0.001,0.001,0.22124251179551785,9.669465183668759,0.16273784760123292
187,0.001,0.001,0.22179203553337148,9.67665017138824,0.16239771893416166
188,0.001,0.001,0.22225542925678798,9.684170995310541,0.16212732605819238
189,0.001,0.001,0.22273715557899038,9.691972417020159,0.16184710137920705
190,0.001,0.001,0.22325327807852363,9.70004549134077,0.16154519057794497
191,0.001,0.001,0.2238146297939764,9.708447261755182,0.16121430296813788
192,0.001,0.001,0.22429107138108229,9.717307183817137,0.16095262038380728
193,0.001,0.001,0.22466079889538884,9.726513117882712,0.1607742957980419
194,0.001,0.001,0.22550130424299536,9.735673111416844,0.16024981092428323
195,0.001,0.001,0.22582870488637696,9.7458356557023,0.16011427643577142
196,0.001,0.001,0.22631319007530434,9.756102816320032,0.15986535283474262
197,0.001,0.001,0.22651434622787459,9.766873723735669,0.15982865033485197
198,0.001,0.001,0.2274727007855194,9.777721721215691,0.15924343399676746
199,0.001,0.001,0.22764892432629275,9.789286935964586,0.15923337704450974
200,0.001,0.001,0.22818241486786867,9.801112973840661,0.15896816865371197
201,0.001,0.001,0.2284265685817214,9.813495269683832,0.15891771367602983
202,0.001,0.001,0.22922489065056556,9.825890797346352,0.15847036194322955
203,0.001,0.001,0.22934332675002075,9.839445292745607,0.15852210510097256
204,0.001,0.001,0.2300812648176171,9.852737636007245,0.15812935870974018
205,0.001,0.001,0.23023422614412734,9.867260570621752,0.1581660790700019
206,0.001,0.001,0.23063425029540932,9.881814764546146,0.15802761682202882
207,0.001,0.001,0.2309870578482774,9.896816165155832,0.15792736796565798
208,0.001,0.001,0.23143115696731462,9.912272032709435,0.15776739396932932
209,0.001,0.001,0.23169793788076387,9.928384750231288,0.15773935082951712
210,0.001,0.001,0.23192167702569666,9.944885138006416,0.15774555461040435
211,0.001,0.001,0.23233297654934248,9.961631089444973,0.15762214693240226
212,0.001,0.001,0.23250087229724858,9.9790199965045,0.15767629490358057
213,0.001,0.001,0.23264052697192564,9.996754490469417,0.15775352159089473
214,0.001,0.001,0.2373872118083296,10.0,0.15451464209138596
215,0.001,0.001,0.24165429516860132,10.0,0.15168314938896452
216,0.001,0.001,0.2450038477859567,10.0,0.1495297341414814
217,0.001,0.001,0.24779098122776277,10.0,0.1477828906984067
218,0.001,0.001,0.25032520383964374,10.0,0.14622878254451704
219,0.001,0.001,0.25282254980696894,10.0,0.14472871251206257
220,0.001,0.001,0.25524694150246,10.0,0.14330131789734551
221,0.001,0.001,0.25773823211077285,10.0,0.14186359653057176
222,0.001,0.001,0.26041033549327836,10.0,0.14035355437334224
223,0.001,0.001,0.26322047306404256,10.0,0.13880036648548338
224,0.001,0.001,0.2662771525196441,10.0,0.13715054352679965
225,0.001,0.001,0.26963155832515523,10.0,0.1353863022121501
226,0.001,0.001,0.2733092379641259,10.0,0.13350628345518928
227,0.001,0.001,0.27747769206854034,10.0,0.13144154127545452
228,0.001,0.001,0.28213338788531617,10.0,0.12921602105387558
229,0.001,0.001,0.2874841031703725,10.0,0.12675917212992627
230,0.001,0.001,0.29362240650086047,10.0,0.1240680891700153
231,0.001,0.001,0.30080725869642067,10.0,0.12108270705135103
232,0.001,0.001,0.30931707897549926,10.0,0.1177637759745333
233,0.001,0.001,0.3194289892688132,10.0,0.11410649228865165
234,0.001,0.001,0.3318103298090893,10.0,0.1100203969789653
235,0.001,0.001,0.3469412154939331,10.0,0.10556060130740244
236,0.001,0.001,0.36573653953310636,10.0,0.1007512900048389
237,0.001,0.001,0.3892072355680253,10.0,0.09573688678326188
238,0.001,0.001,0.4189006460868292,10.0,0.09072678119833914
239,0.001,0.001,0.4560559159568637,10.0,0.08616886852655467
240,0.001,0.001,0.502157391130455,10.0,0.08258139155500571
241,0.001,0.001,0.5578374253118356,10.0,0.08054093353910578
242,0.001,0.001,0.6226650592542351,10.0,0.08045777603645078
243,0.001,0.001,0.6942450107548065,10.0,0.08240893966612772
244,0.001,0.001,0.7686988605580631,10.0,0.08606794730213192
245,0.001,0.001,0.8415967779815636,10.0,0.09083365456235332
246,0.001,0.001,0.9090165332809418,10.0,0.09603701444196003
247,0.001,0.001,0.968477409426001,10.0,0.10113140591463299
248,0.001,0.001,1.01904836257209,10.0,0.10577260607196877
249,0.001,0.001,1.0609569972735664,10.0,0.109802724086201
250,0.001,0.001,1.0950669623578033,10.0,0.11319127922644256
251,0.001,0.001,1.1225805634071977,10.0,0.11598845993675988
252,0.001,0.001,1.1446403867998358,10.0,0.11826909626994402
253,0.001,0.001,1.1622966781134474,10.0,0.12011721620967489
254,0.001,0.001,1.1764563585134213,10.0,0.12161305644843981
255,0.001,0.001,1.187858541040154,10.0,0.12282619180988232
256,0.001,0.001,1.1970848899128663,10.0,0.12381325403093096
257,0.001,0.001,1.2045951949117473,10.0,0.12462012531113778
258,0.001,0.001,1.2107450864090423,10.0,0.125283145364833
259,0.001,0.001,1.2158136025433968,10.0,0.12583105014162435
260,0.001,0.001,1.2200097222234692,10.0,0.1262856698143213
261,0.001,0.001,1.223501629083566,10.0,0.12666460400373677
262,0.001,0.001,1.2264180453902087,10.0,0.12698162942746546
263,0.001,0.001,1.2288609302826128,10.0,0.12724751111112229
264,0.001,0.001,1.2309104613001127,10.0,0.12747067430855064
265,0.001,0.001,1.2326304449848224,10.0,0.12765831662578592
266,0.001,0.001,1.2340723214711111,10.0,0.12781564658167505
267,0.001,0.001,1.2352764356648953,10.0,0.12794709269128834
268,0.001,0.001,1.2362794290736188,10.0,0.12805664963759383
269,0.001,0.001,1.2371059288794584,10.0,0.12814697202281755
270,0.001,0.001,1.2377797354207234,10.0,0.12822062732071418
271,0.001,0.001,1.2383203564827867,10.0,0.1282797474104459
272,0.001,0.001,1.238743129649282,10.0,0.12832597405511437
273,0.001,0.001,1.2390611865370147,10.0,0.12836076126711926
274,0.001,0.001,1.2392865817780283,10.0,0.12838541983473126
275,0.001,0.001,1.23942813719611,10.0,0.12840087146218312
276,0.001,0.001,1.2394946748652704,10.0,0.12840819543069973
277,0.001,0.001,1.2394925622189175,10.0,0.12840795286741047
278,0.001,0.001,1.2394286180860887,10.0,0.12840093172240985
279,0.001,0.001,1.2393070682504954,10.0,0.12838764423962842
280,0.001,0.001,1.239133540070569,10.0,0.12836868099642948
281,0.001,0.001,1.2389113295591696,10.0,0.12834436027254487
282,0.001,0.001,1.2386434200243326,10.0,0.12831507692351982
283,0.001,0.001,1.2383346764925434,10.0,0.1282812801783174
284,0.001,0.001,1.237985895856418,10.0,0.1282431429786165
285,0.001,0.001,1.2376013695450523,10.0,0.12820103428496343
286,0.001,0.001,1.2371795096205949,10.0,0.12815503117013924
287,0.001,0.001,1.2367246803686034,10.0,0.12810530053266161
288,0.001,0.001,1.236239331035182,10.0,0.12805226596644004
289,0.001,0.001,1.2357242431547728,10.0,0.12799598929265482
290,0.001,0.001,1.2351781181413648,10.0,0.12793635911803977
291,0.001,0.001,1.2346047219127185,10.0,0.12787375071261622
292,0.001,0.001,1.2340048067379275,10.0,0.12780827667678435
293,0.001,0.001,1.2333810549017534,10.0,0.12774019879631432
294,0.001,0.001,1.2327306789526808,10.0,0.12766924548202752
295,0.001,0.001,1.2320547171334115,10.0,0.1275955315472913
296,0.001,0.001,1.231354289721152,10.0,0.12751914689897792
297,0.001,0.001,1.2306282361238863,10.0,0.12744000406868874
298,0.001,0.001,1.2298834328305508,10.0,0.1273588711239066
299,0.001,0.001,1.2291141554741678,10.0,0.12727506402665398
300,0.001,0.001,1.2283210504841544,10.0,0.12718872908138784
301,0.001,0.001,1.2275067931269699,10.0,0.1271000883607163
302,0.001,0.001,1.2266702444497417,10.0,0.12700907962393493
303,0.001,0.001,1.2258036878273089,10.0,0.12691482389829578
304,0.001,0.001,1.224927031315646,10.0,0.12681947341637975
305,0.001,0.001,1.2240203536700545,10.0,0.12672095779152764
306,0.001,0.001,1.2230959998843263,10.0,0.12662059163048664
307,0.001,0.001,1.2221491298504326,10.0,0.12651779012466782
308,0.001,0.001,1.2211784297513626,10.0,0.12641241878037876
309,0.001,0.001,1.2201843087037332,10.0,0.1263045814443233
310,0.001,0.001,1.2191684703635175,10.0,0.12619439682521508
311,0.001,0.001,1.2181272330183792,10.0,0.1260815787494829
312,0.001,0.001,1.2170670078966144,10.0,0.12596672611615503
313,0.001,0.001,1.2159764312257657,10.0,0.1258486877562493
314,0.001,0.001,1.2148722261007714,10.0,0.1257291776587755
315,0.001,0.001,1.2137372691312311,10.0,0.12560643597963492
316,0.001,0.001,1.2125789681368735,10.0,0.12548118460002958
317,0.001,0.001,1.2113921379603885,10.0,0.12535299277887696
318,0.001,0.001,1.2101871029101632,10.0,0.12522290047338314
319,0.001,0.001,1.2089504763514616,10.0,0.1250894872405298
320,0.001,0.001,1.2076901994609008,10.0,0.12495350403689004
321,0.001,0.001,1.206397858746749,10.0,0.12481428720980776
322,0.001,0.001,1.205081124675046,10.0,0.12467244904159723
323,0.001,0.001,1.2037339620279086,10.0,0.1245273827276069
324,0.001,0.001,1.2023583607747035,10.0,0.12437953070320928
325,0.001,0.001,1.200952800553319,10.0,0.12422840732560482
326,0.001,0.001,1.1995168425871803,10.0,0.12407420876805678
327,0.001,0.001,1.1980479309509822,10.0,0.12391655934342086
328,0.001,0.001,1.1965490010462185,10.0,0.12375580494883667
329,0.001,0.001,1.1950129229635407,10.0,0.12359116475906444
330,0.001,0.001,1.1934433654824863,10.0,0.12342312325639922
331,0.001,0.001,1.1918389980067103,10.0,0.12325148719657998
332,0.001,0.001,1.1902011228524287,10.0,0.12307636815151182
333,0.001,0.001,1.1885185405162748,10.0,0.12289668966401952
334,0.001,0.001,1.1867999342898912,10.0,0.12271329560173268
335,0.001,0.001,1.1850379256524168,10.0,0.12252544493433706
336,0.001,0.001,1.1832382949384999,10.0,0.12233376782694541
337,0.001,0.001,1.1813951665832614,10.0,0.12213765190979185
338,0.001,0.001,1.1795060439846965,10.0,0.12193677209053577
339,0.001,0.001,1.177572034268098,10.0,0.12173149291363594
340,0.001,0.001,1.175589338534285,10.0,0.12152104548957723
341,0.001,0.001,1.1735575369061535,10.0,0.12130588272084926
342,0.001,0.001,1.171475864515213,10.0,0.12108554450387592
343,0.001,0.001,1.169342732160961,10.0,0.12086004607123146
344,0.001,0.001,1.1671548908357585,10.0,0.12062905425819749
345,0.001,0.001,1.1649039706559348,10.0,0.12039171624484371
346,0.001,0.001,1.1626025818500627,10.0,0.12014936374027103
347,0.001,0.001,1.1602352057586145,10.0,0.1199004409924502
348,0.001,0.001,1.1578113136698367,10.0,0.11964587495577009
349,0.001,0.001,1.1553189837139402,10.0,0.11938445071330864
350,0.001,0.001,1.1527706294925653,10.0,0.11911758256589483
351,0.001,0.001,1.1501443355265857,10.0,0.11884309455550354
352,0.001,0.001,1.1474429416225438,10.0,0.11856113673148347
353,0.001,0.001,1.1446725260090373,10.0,0.11827244671802313
354,0.001,0.001,1.1418263422853558,10.0,0.1179763886719336
355,0.001,0.001,1.1389068184333884,10.0,0.11767326566770128
356,0.001,0.001,1.1359113155154685,10.0,0.11736279856563314
357,0.001,0.001,1.1328221494089412,10.0,0.1170431974562958
358,0.001,0.001,1.1296583298713943,10.0,0.11671666471163761
359,0.001,0.001,1.1264049972550174,10.0,0.1163814989254511
360,0.001,0.001,1.1230661187551798,10.0,0.11603829729346678
361,0.001,0.001,1.1196372674461301,10.0,0.1156866817567085
362,0.001,0.001,1.1161146398728603,10.0,0.11532618612908138
363,0.001,0.001,1.1125038858222243,10.0,0.11495775288111734
364,0.001,0.001,1.1087969316181545,10.0,0.1145803871132352
365,0.001,0.001,1.1049973688088055,10.0,0.11419451892469147
366,0.001,0.001,1.1010953267437509,10.0,0.11379947886561778
367,0.001,0.001,1.0970969785244158,10.0,0.11339580831220236
368,0.001,0.001,1.093006748554669,10.0,0.11298405189948807
369,0.001,0.001,1.0888055869921534,10.0,0.11256249218308428
370,0.001,0.001,1.0845058018270652,10.0,0.11213240957347186
371,0.001,0.001,1.0801056258040584,10.0,0.11169376420856077
372,0.001,0.001,1.075602116418501,10.0,0.11124637879083973
373,0.001,0.001,1.0709940416400627,10.0,0.11079027064610883
374,0.001,0.001,1.066279955198564,10.0,0.11032545658301382
375,0.001,0.001,1.0614610920413332,10.0,0.10985216701285304
376,0.001,0.001,1.0565332578344477,10.0,0.10937015607058699
377,0.001,0.001,1.0514951591180899,10.0,0.10887948930736095
378,0.001,0.001,1.0463437095643553,10.0,0.10837999338799832
379,0.001,0.001,1.0410800875293458,10.0,0.10787199370453911
380,0.001,0.001,1.0357086423925081,10.0,0.10735611448406278
381,0.001,0.001,1.0301964998422304,10.0,0.10682935937776321
382,0.001,0.001,1.0245616635327075,10.0,0.10629374121724641
383,0.001,0.001,1.0188007476437548,10.0,0.10574925393076551
384,0.001,0.001,1.0129039977260503,10.0,0.10519513326376255
385,0.001,0.001,1.0068661526328646,10.0,0.10463116885634491
386,0.001,0.001,1.0006788934671316,10.0,0.10405691365848996
387,0.001,0.001,0.9943338073792458,10.0,0.10347202252063316
388,0.0009420286516146127,0.0007253698412058145,0.5861323731866218,9.951254193038523,0.0795152731544776
389,0.001,0.001,0.9634219111070864,10.0,0.10068208910618376
390,0.001,0.001,0.9556482552740468,10.0,0.09999691132015269
391,0.0004893250987778495,0.00023439794599778568,2.695323288897769,8.848978704239615,0.0974314246882712
392,0.0004732075450070955,0.0002130720092973839,2.3246512946175195,6.950678676124478,0.09596716568870808
393,0.001,0.001,0.406118393173487,10.0,0.09271748887113171
394,0.001,0.0002203281940963149,2.35677768774028,8.804269020899488,0.13185868712915913
395,0.0008382682936913544,0.00011138575263070212,2.314355074127465,8.832961173120044,0.07902914692429372
396,0.0006854459826803922,0.0009446889837304119,0.896198395239408,7.8223520057483515,0.09584915795843321
397,0.0008137201773767053,0.00041754159611726645,2.1642506793744696,9.634316814750258,0.13569841619462114
398,0.00012112620106960437,0.0002652128665346904,2.7240534159115084,8.833267600443682,0.07385089900166805
399,0.00011845874761509839,0.0005931960773869339,2.727050948146224,8.899879872448293,0.07830375305650772
400,0.001,8.397102283737778e-05,2.3555172034687413,8.808123206658284,0.07546457611432304
401,0.0008338720123441728,0.0004736398137393111,2.457066059580469,8.776733783626556,0.1824507289970063
402,0.00021937483744440526,0.0001594624819003087,2.730732294052604,8.837681617160895,0.06867892527760965
403,0.0002828142768981087,0.0009488798358485976,7.06569098687116,6.705326557210418,0.19249298426254943
404,0.001,1e-07,8.310909566885378,4.46734525568173,0.4954729552480218
405,0.001,0.001,2.726215813439244,8.837521125459567,0.3188598769692884
406,0.001,0.001,0.8217324588330213,8.968293580987721,0.09659180651811206
407,1e-07,1e-07,2.733818742954111,8.836785734212974,0.4995874026094853
408,0.0009999993194120278,0.000999998884595272,0.35886402280651714,9.999999960367102,0.10242188953406738
409,0.0002395027500963234,0.0004187237096773747,9.784414929436675,4.8914275943027175,0.16930307388496899
410,0.0005270130354557285,0.00041233808541328267,2.3187336538719623,6.95063664559291,0.13837109971726055
411,0.0009091648894736841,0.0008589826328680134,0.5027407423681548,9.994794647490613,0.0852101511656981
412,1e-07,0.001,2.004182222544507,5.096728956673696,0.49637133008621226
413,0.0003517801528986384,0.0007898462992656585,1.0381896673576017,9.993918412670421,0.07933129975249151
414,0.0005966525763011941,0.000258609831151727,2.3839938015121604,8.76046677309027,0.10356926641959244
415,0.00036482751261463766,1e-07,2.0089392962286228,5.101296118125586,0.4953603673387242
416,0.0009924209394533549,0.0009833289218621297,0.49865631568105806,9.99707317502062,0.08294019286846327
417,0.0006547660976527218,0.0005355792761257024,0.24118581436947492,9.85986192382673,0.233587376006652
418,0.00011761791854896501,0.00047165465825773685,2.0163327478350634,5.110332895171946,0.08661286990165401
419,1e-07,1e-07,2.7233202656859334,8.830368180966547,0.49958880978752157
420,0.0005581177904625923,0.0004295615240747998,2.3840071133512053,8.765909828272909,0.1262715483464151
421,0.0005656622610417502,0.000403552988610859,0.8835126495529582,9.943584649181616,0.07832813454100027
422,7.429641172398319e-06,0.0001476318533571993,0.45105990343517743,2.3105116678712725,0.42857476322011817
423,0.001,0.001,0.248908145976409,9.64775196157275,0.14389440691074643
424,7.091195432503681e-05,0.00043636457847457305,9.770954196385832,4.897032002652104,0.08978046188973328
425,0.0009868428156193907,0.0008590688444882998,1.0862309937835253,9.994236546641961,0.10400668252566331
426,0.0004530349082121571,0.0008266184868471414,0.9416831302625753,7.700553213492145,0.08567946369599852
427,0.000874283162226971,0.0009461448901540656,0.5148690153127469,9.366455218805383,0.08400797877162733
428,0.0005123400858399408,0.00048471212071786094,0.8689063992013186,7.721211831427408,0.07886918527973624
429,0.0006227486401528436,0.0005536859369731767,0.46590759671439996,2.352269068281667,0.11728399481615025
430,0.0008886851552724491,0.00010766203671406366,2.3108165319202425,8.835569663058202,0.07967998191280852
431,0.0002250850811929011,1e-07,2.315915017833418,6.957607419067275,0.4954091341809546
432,0.0009455850450233028,0.0005328067782570949,0.9790023594682307,7.450701628189466,0.09538351194031089
433,0.00013079291222751536,0.0008213496645175195,0.8557660218151721,8.979333230710282,0.12586307736530666
434,0.001,0.001,0.9726448103311934,7.666347922025699,0.12702957487371921
435,0.0001165559969412316,0.0006685352768745599,9.774256535122483,4.900366879249605,0.11777495394157432
436,0.000465635892858811,0.0008516526917151387,0.8875501275484979,9.94466377524128,0.07956451062689769
437,0.0004603128295712232,0.00025707333372163477,2.3502869182606005,6.941081279251659,0.10393609555181675
438,0.0009678901046463499,0.00044193106937701884,0.9793586997730233,7.455634528437457,0.08914707234221901
439,0.0009465200360219316,0.000513919809077339,0.8858366601748439,7.773131650560505,0.08545993713072855
440,0.0005078508150189528,0.0008025809777047832,0.905499844395093,8.780329546863575,0.08130583348924525
441,0.001,0.00035427499207428456,2.342071091406702,8.802225293035963,0.17150980252940437
442,0.0005572017420632139,0.0002741600528548521,2.312907853139736,6.951081108107704,0.11841552202729047
443,0.0003882982081668031,0.0007283380885209088,0.8720257374331645,7.718445515907543,0.08301108413422129
444,1e-07,1e-07,0.9657607569028726,7.667768974836919,0.4998661123186541
445,0.00012792059947794234,0.0002123210387691906,0.6952414218913717,9.995926648886181,0.2616200192664761
446,0.001,0.001,2.378812921115307,8.759254377317271,0.2853425110626891
447,0.0004955010755189848,0.0006338969778828645,2.225565597935902,9.708417055994667,0.12067728545282708
448,0.00014968389404617985,0.0002053238450395806,7.9532929712101,6.193368263548118,0.09962894866676666
449,0.0007687429465486956,1.7911431392504928e-05,2.2073791130070717,9.68868802167486,0.1383334612294061
450,1e-07,0.001,0.4987766279234814,9.992407970683304,0.49748596559922775
451,0.0008392771111697999,0.0008519876285479802,0.8720507736776096,7.733850880183917,0.09832477141184234
452,0.0006970548114346849,0.0003720037432569816,0.925516870934113,7.7394031080406505,0.07586019423422637
453,0.0005468458912289134,0.0005754870408814368,0.33186569589976034,9.60074011357083,0.17726997849290063
454,0.0007029070741082112,0.00010347192649442668,0.8864489349796059,9.940736217667851,0.11045124957219403
455,0.0007214818136538655,0.0006636585663272731,2.252733437589331,9.743415472183138,0.16112256769827618
456,0.0008745456632869208,9.516676652133592e-05,1.1183163137827443,8.53797584260632,0.07549979767470574
457,0.0009995591397980888,0.0008356641703420509,0.8462343201043998,9.999697375181954,0.08547721448209417
458,0.0001291000476893893,0.0005631106122528848,2.73004896822619,8.90296871981104,0.0783146941057526
459,0.0008644654203337328,0.0009611327691158275,0.4570089794233845,9.995652833811985,0.09063823413799292
460,0.0004295878774908808,0.00032963450300384586,0.4722823390232167,2.385852473751877,0.10224409738880805
461,0.00028181406091473514,1e-07,2.6418332683999064,8.862610524008526,0.4953576734718339
462,0.0009999999999993562,0.0009999999999985758,0.3258531955750281,9.999999999999963,0.11193491158406352
463,1e-07,1e-07,2.3885452154945055,8.760779880521683,0.4996420322927368
464,0.0009137873197738615,0.0009366247605930469,0.513887924810678,9.36239680129472,0.08334429488946724
465,1e-07,0.001,0.8801639563431247,9.940631613123262,0.49661474531573657
466,0.00030103654562609495,0.000699638233303123,1.0899762937471946,2.846114501591929,0.13593222370134098
467,0.0009157990012095433,0.0006972794643935072,0.8828536775073926,7.770248663913557,0.0944718368532044
468,0.000568861647031299,0.00031773639114612476,2.160652161926976,9.688083489559462,0.09407266174059252
469,0.0003386074465186993,0.0008232838038314313,1.0386900768011174,8.611012579667479,0.08180041421492315
470,0.0009203916517680055,0.0005279394860000206,0.9589505453528357,7.414647497675589,0.09285747900942061
471,0.0007024551122409336,0.0005239157869156933,6.722389715054935,0.3404724659747614,0.5468874792813909
472,0.00024314983378386713,0.00039010591936204626,2.0380995681055096,5.15783879720301,0.09806824051521543
473,1e-07,0.001,2.5283899402787897,8.9125040421222,0.4959152091454585
474,1e-07,0.001,7.979008056507389,6.167112341220382,0.49609606150944224
475,1e-07,1e-07,2.3444936326302668,8.794770012384264,0.4996512593727998
476,0.0006767177105861579,0.0008946983516545982,0.2189906735498852,9.795701742630992,0.21138520439908717
477,0.00035332803014363507,0.0008005204371635705,1.0358726165813426,8.61396638212901,0.08148591161770408
478,0.0008774229591578132,0.000790603921750347,1.0037342875399116,9.99564195105327,0.08933052338991185
479,0.001,1e-07,2.212222545681511,9.680295840648565,0.49530735010741495
480,0.00041333777224417844,0.000812446190058984,1.0398200224427494,8.614927031404044,0.08242120254141874
481,0.0008903515932631731,0.0009966407264020978,0.6266313327610681,9.999203189547215,0.08028676941894608
482,0.0009999999999418772,0.0009999999999931865,0.4130992440414607,9.999999999998106,0.09160089280700762
483,1e-07,1e-07,0.983166824954077,7.453125906899867,0.4998569914506211
484,0.001,1e-07,0.8847785831775278,9.945330044697737,0.4955286697159938
485,0.0005420486416973777,0.000519633463635389,2.0010444967236336,5.145923493158892,0.17001788591973432
486,0.0007961338663068269,0.00025207695470702974,2.2190655064726887,9.745313258657445,0.10439208034878351
487,0.0007173891295855294,0.0004579288561222323,2.2200837285901627,9.708548261707506,0.13274909737319343
488,1e-07,0.001,1.0427337006059731,8.611944633846875,0.4964076263959823
489,0.0008541200696527962,0.0005008922305157977,0.9574857360481891,7.375613469183003,0.08871500985851269
490,0.0008487235877618741,0.00033556188558274235,7.955170434154378,6.19737134053264,0.4130365394688358
491,0.0008417441625195337,0.0008079857490418165,0.25537452082904194,9.668811274273619,0.1650677363811044
492,0.0009927557093700556,0.0009001193423444733,0.9714180312355559,8.69980196381737,0.10805522763746052
493,0.00010211670031121314,0.00028418436905969306,1.1150461573057073,8.536828789885567,0.15270475296762764
494,0.0008845291400128026,0.0008027434891903092,0.998719511955732,9.995894652835476,0.08981294601951183
495,9.257758706954909e-05,2.255734269356639e-05,0.48354507086225046,2.414279707575232,0.3656229777815173
496,0.001,0.0003789868609017221,1.0365952846872215,8.610846862758011,0.08044207786974723
497,0.001,0.001,0.9770285727903776,7.456745330559287,0.1307037852834758
498,0.0009117767409446794,0.0008846242434709301,0.6828579871783529,9.143491680050667,0.08185341182480514
499,0.0009497193481343864,0.0006740725014519885,0.8438637032911783,9.996617025285428,0.07899357758968702
500,1e-07,0.001,2.692793759639721,8.852074311800868,0.4959043189187324
501,0.0008288456778336705,0.0007804362812921092,2.733747482634683,8.902337995977408,0.24767828251262927
502,0.00089638873249088,0.0008309298214203539,0.3226967300882578,9.995968231465305,0.12646061863130337
503,0.000877167644524279,0.0008360226263788592,1.09097795141158,9.995239890540354,0.09734809813250345
504,1e-07,0.001,0.8476139718526743,9.996016676738602,0.4966653219993116
